Fx,Fy,Fz,iter_1,iter_2,iter_3
0.0,0.0,0.0,4778.111375716209,4770.985203193803,4771.582997011985
0.0,0.5,0.0,4736.328183494942,4739.987358758243,4747.682032338716
0.0,1.0,0.0,4775.738215419219,4783.346009809071,4778.817638255676
0.5,0.0,0.0,4802.521270212775,4776.367302432718,4771.815785162856
0.5,0.5,0.0,4791.954127133122,4810.840333222165,4799.149281041954
0.5,1.0,0.0,4823.540667265199,4793.247556757565,4777.793407321029
1.0,0.0,0.0,4851.816930565418,4843.295648535887,4835.666959720036
1.0,0.5,0.0,4831.7156578198665,4825.900167170973,4811.170606773199
1.0,1.0,0.0,4794.431573497361,4760.970147764911,4748.389277764639
