Fx,Fy,Fz,iter_1,iter_2,iter_3,iter_4,iter_5,iter_6,iter_7,iter_8,iter_9,iter_10,iter_11,iter_12,iter_13,iter_14,iter_15
0.0,0.0,0.0,SKIPPED,SKIPPED,SKIPPED,SKIPPED,SKIPPED,SKIPPED,SKIPPED,SKIPPED,SKIPPED,SKIPPED,SKIPPED,SKIPPED,SKIPPED,SKIPPED,SKIPPED
16.0,7.0,0.0,-3890.638251139479,-3793.2696649308614,-3869.6455064495226,-3895.4683361914726,-4006.058940406107,-4006.665200253852,-3986.677934405657,-4006.9555788339603,-3983.8110417931457,-4007.038225374878,-4008.837045631193,-4009.017629609032,-4007.394158373798,-4000.547654990978,-4008.2713263318838
16.0,8.0,0.0,-3972.811464994285,-4040.100107543826,-3985.853210526518,-3972.708190153798,-4016.661947156113,-4034.966566524243,-4039.579698374776,-4027.8238097334897,-4039.665460819255,-4036.865466179636,-4036.186948496301,-4032.0136656695126,-4039.394902177974,-4040.0263677986904,-4039.384069552826
