Fx,Fy,Fz,iter_1,iter_2
0.0,0.0,0.0,SKIPPED,SKIPPED
0.0,0.0,0.0,-4822.471321919595,-4853.437326908711
16.0,0.0,0.0,-4664.076095610558,-4678.60159018711
0.0,16.0,0.0,-4373.466254188795,-4378.723388799142
