Fx,Fy,Fz,iter_1
0.0,0.0,0.0,4776.794499518398
0.0,0.5,0.0,4827.163375891127
0.0,1.0,0.0,4810.31120994855
0.5,0.0,0.0,4856.637050726883
0.5,0.5,0.0,4846.226220117785
0.5,1.0,0.0,4782.356031804614
1.0,0.0,0.0,4852.315842682108
1.0,0.5,0.0,4855.824877054208
1.0,1.0,0.0,4819.5488318558
