Fx,Fy,Fz,iter_1,iter_2,iter_3
0.0,0.0,0.0,4778.111375716209,4770.985203193803,4771.582997011985
0.0,0.5,0.0,4736.328183494942,4739.987358758243,4747.682032338716