Fx,Fy,Fz,cost,q1,q2,q3,q4,q5,q6,q7,tau1,tau2,tau3,tau4,tau5,tau6,tau7,x,y,z,roll,pitch,yaw
89902247425398,-1.718682415671761,-1.8926306230964989,2.5711893142476745,0.5428174305039619,17.33110244492572,-4.149281466485503,1.5760570066568664,-0.23232526221529487,1.9826727440485234,-0.003540995372172078,0.2753091798789379,0.28371573429689223,0.6486479943640399,0.7579678499515885,0.7311503777584758,-0.0036119782475506814
0.0,1.0,0.0,4722.23624505952,2.612275815341353,-1.4050930700437572,4.030379443078181,-1.6064910552706977,-1.7281484860193674,-1.9047659862583854,2.5661168177520435,0.8806548060101844,17.63731670506002,-4.365028930313384,1.5340138296014272,-0.14865979700835177,1.9150296538044933,-0.002046867927859153,0.27552666171006013,0.28543614005910073,0.6479584967484231,0.7573443467171617,0.7322814119599714,-0.0011519890435395925
1.0,0.0,0.0,4770.742343765531,2.613306771254169,-1.4065596978640278,4.025608950611328,-1.6069985634733115,-1.7284677025983346,-1.9027946766522204,2.5654220965949897,0.5646652782208242,17.698892980886253,-4.0550306636286075,1.4466656350173963,-0.1210558024265631,2.034327985503058,-0.0016563843504645535,0.2767279087529976,0.28426586543269516,0.6481082519214535,0.7600963866319206,0.7341250348431265,0.0012750335514378737
1.0,1.0,0.0,4766.774731393654,2.6093845831478926,-1.4100083172242281,4.020455656824416,-1.6041944640963894,-1.723146323491946,-1.8930745235191089,2.5651077194406193,0.5686479383512806,17.72375483297927,-4.245252430052224,1.335263274123488,-0.035947854055492404,1.9786637840914356,-0.0028317072721226813,0.2767714220971915,0.28509466621487584,0.6486707570256849,0.7563449393990045,0.7320855301510002,-0.0023729022871013155
