Fx,Fy,Fz,cost,best_th1,best_th2,best_th3,best_th4,best_th5,best_th6,best_th7,q1,q2,q3,q4,q5,q6,q7,tau1,tau2,tau3,tau4,tau5,tau6,tau7,x,y,z,roll,pitch,yaw
MY,DUMMY,DUMMY,DUMMY,DUMMY
0.0,0.0,0.0,-4856.567935106857,-2.098147634865606,-2.3170472237441753,-3.141592653589793,-1.8234399510445387,3.141592653589793,-1.2066522402864943,2.8308718604822887,2.590176123653018,-1.4337815817165216,3.97205411959188,-1.6081739889127675,-1.6774961544684173,-1.8298218987700607,2.5818779665149707,-0.20505137459694903,16.141030390205437,-4.084848466286336,1.5417684102169982,-0.2783556071360386,1.936210751087903,-0.009099894167623426,0.27508870131305213,0.2811509936921815,0.6520104401163581,0.7491991925969063,0.7214447921674689,-0.020923795514506464
16.0,0.0,0.0,-4684.942250897374,-3.141592653589793,-3.141592653589793,-2.9948683713502984,0.21203103264335854,0.4653033124820173,2.23532835289767,2.521568314661159,2.5945723425524228,-1.4462769682588374,3.9398608150855225,-1.5723357366852722,-1.7090406366055606,-1.8107499189379062,2.530740580631016,-2.704159579979504,19.399675867435676,-2.0416605043844007,-1.0442062107129457,1.5011337956711737,2.7063868649515315,0.0012327562018015215,0.2966751859816407,0.2826512779560418,0.6535230232525069,0.7561761031339447,0.7426994162488767,0.005815414857943469
0.0,16.0,0.0,-4383.142140761458,-1.9431145988752325,3.141592653589793,-2.0927788590225767,-1.4366156285745695,-3.141592653589793,1.2330365298908248,-0.7214855206821225,2.5923350387817687,-1.408085523794213,4.0478909933675835,-1.5655708349265298,-1.734315813330077,-1.8840869811997594,2.5337166301528518,2.8355931895678026,19.788624504833262,-7.3965641786929055,0.28191649074259567,1.1156382318483804,0.9221158096027895,-0.004537112029043847,0.2771778530542543,0.3029972405007001,0.6492171510959838,0.7189807736977539,0.7195200490666831,-0.020381460491716175
