Fx,Fy,Fz,tau1,tau2,tau3,tau4,tau5,tau6,tau7,x,y,z,roll,pitch,yaw
28.0,0.0,0.0,-9.800215177444946,-33.79036519524016,-4.5375691013814725,6.708699166767202,3.615025531820591,-2.998797446780967,-0.0002895919042158915,0.6045580158588745,0.3500147623419767,0.5000132625464289,-0.005595874491400101,0.005034941226266432,8.129864952813511e-05
