Fx,Fy,Fz,cost,best_th1,best_th2,best_th3,best_th4,best_th5,best_th6,best_th7,q1,q2,q3,q4,q5,q6,q7,tau1,tau2,tau3,tau4,tau5,tau6,tau7,x,y,z,roll,pitch,yaw
0.0,0.0,0.0,nan,nan,nan,nan,nan,nan,nan,nan,-0.1405915448218972,0.9828719821758317,4.84691617236896,1.5141795569934096,0.9741400590931504,-1.6509505230481514,1.5892876104015348,-0.00036779576066553574,-18.449198003802778,-7.573944948864497,-5.189877483465379,0.007458111797875424,-0.05586157669645812,-1.0802348671978303e-06,0.35002423002896943,0.35001018953685925,0.6499624069880299,4.177438245396564e-05,1.93551248689753e-05,5.1696951222252395e-05
0.0,1.0,0.0,nan,nan,nan,nan,nan,nan,nan,nan,-0.16402446451927227,0.9952428227302512,4.84427014581619,1.4898011059269956,0.9852462665075434,-1.6367739002908284,1.594805177889794,0.3496639488786454,-18.809042958700847,-7.739243211487314,-5.1851937596896756,0.011771272964708748,-0.2233079404132155,-1.140391659253077e-06,0.35002261542241175,0.35910090516766063,0.649963847561269,2.6667285898796523e-05,1.9876365013435697e-05,4.3178266725247275e-05
0.0,2.0,0.0,nan,nan,nan,nan,nan,nan,nan,nan,-0.18735929553169,1.0076822659371554,4.8413070427080855,1.4647631755267805,0.9967079549810459,-1.6224225398821006,1.5995092419133161,0.6996928515332657,-19.1898554594104,-7.908697003854956,-5.175431308530316,0.017624648522038162,-0.39071308693389767,-1.1841695047088742e-06,0.3500210169941713,0.3681915606192954,0.649965360183599,1.0880550222031036e-05,2.0080811454916855e-05,3.4956533162466124e-05
0.0,3.0,0.0,nan,nan,nan,nan,nan,nan,nan,nan,-0.21061726864468294,1.0201835858324515,4.838009303853899,1.4390469610185492,1.008552335705485,-1.6079017257253054,1.6033888243103565,1.049717998176859,-19.5913987336362,-8.081212957276323,-5.16050600123945,0.024604102967469402,-0.5580819544262979,-1.2115526350891788e-06,0.35001947430749686,0.3772821653993001,0.6499668949268252,-6.21974424242549e-06,1.993249206813896e-05,2.6891375071638492e-05
0.0,4.0,0.0,nan,nan,nan,nan,nan,nan,nan,nan,-0.23490177077125285,1.0260185258575267,4.844896377940419,1.4129127824750993,1.0124322333587894,-1.60050537113231,1.6022210736984215,1.4000127601210852,-19.990147544178416,-8.197541312337336,-5.210251466412655,0.029094674300948184,-0.7264679857805549,-5.723942335232753e-07,0.34997481969623456,0.3863511405564538,0.650044318336352,-0.000393040511682322,4.1362869855541916e-07,-0.000102448073334683
0.0,5.0,0.0,nan,nan,nan,nan,nan,nan,nan,nan,-0.25796527843323236,1.0390918574541033,4.840311345334689,1.3857532278456768,1.025526435276357,-1.585205329375649,1.604795740522295,1.7499809006654463,-20.434458484935078,-8.374562014146402,-5.183739411235788,0.03667780933610105,-0.8937386706300627,-6.158362765175786e-07,0.34997685525290534,0.3954424498013924,0.6500423177533976,-0.00038141144616101667,1.7409963078451904e-06,-9.196278688097012e-05
0.0,6.0,0.0,nan,nan,nan,nan,nan,nan,nan,nan,-0.28103366373096117,1.0521836408124907,4.835354539248792,1.357840500670427,1.0390859807915007,-1.5697731142351692,1.6064731958796021,2.099953148966114,-20.898735119564517,-8.551147596279838,-5.151632707952794,0.04418194869991679,-1.061013192615817,-7.252577074079621e-07,0.3499787680954339,0.4045337691511173,0.6500403925787527,-0.0003721515585837387,4.1911774667572695e-06,-8.224731028234044e-05
0.0,7.0,0.0,nan,nan,nan,nan,nan,nan,nan,nan,-0.30413567560357335,1.0652827512415146,4.83000917285515,1.329142074357937,1.0531462467558457,-1.5542202044850781,1.6072295833790895,2.4499287434418573,-21.38284543647466,-8.72583268686928,-5.11378751958871,0.051121876816299955,-1.2283124614167085,-9.052517810052168e-07,0.3499805821261725,0.41362510217346315,0.6500385082631079,-0.0003657977335834659,7.822347346561243e-06,-7.335877015691784e-05
0.0,8.0,0.0,nan,nan,nan,nan,nan,nan,nan,nan,-0.32730236661604634,1.078376314498656,4.82425915439456,1.2996207648693254,1.0677445882992915,-1.5385603486665085,1.6070365787966634,2.799907171980119,-21.886684251016696,-8.897034302454966,-5.0700568165261,0.05699092084432498,-1.3956580155216947,-1.1620528180254254e-06,0.3499823141817722,0.42271645315329465,0.6500366368269872,-0.0003629500528381651,1.2723343755344775e-05,-6.5332764453986e-05
0.0,9.0,0.0,nan,nan,nan,nan,nan,nan,nan,nan,-0.350568134564631,1.0914444599370814,4.818097935950062,1.2692341708640276,1.0829131144132011,-1.5228157572233951,1.6058580899079882,3.149888930007013,-22.410155090255202,-9.062982799838933,-5.020365234746823,0.06125371582810757,-1.5630699347988157,-1.5106070692117444e-06,0.3499839339351435,0.43180780723160667,0.6500348321321797,-0.0003642949114843285,1.916352164464009e-05,-5.8117320086355695e-05
0.0,10.0,0.0,nan,nan,nan,nan,nan,nan,nan,nan,-0.37396908546072893,1.1044712764219593,4.811509710008411,1.237933609226858,1.0986943771891615,-1.507004308776282,1.6036563355101199,3.4998737447566124,-22.953211248524788,-9.221817886484857,-4.964569978628285,0.06335112898070493,-1.7305643682291008,-1.9681590884808114e-06,0.34998545014634774,0.44089916558359066,0.650033080146686,-0.0003707754608125866,2.742912901403725e-05,-5.17051160432545e-05
0.0,11.0,0.0,nan,nan,nan,nan,nan,nan,nan,nan,-0.3975442291876179,1.117440607756341,4.804475607020725,1.2056631516048426,1.1151367582378398,-1.491144374490162,1.6003885519991794,3.8498613032562186,-23.515842023113713,-9.371531793081669,-4.90250323870024,0.06269429643277409,-1.8981506093398095,-2.558270184088913e-06,0.3499868786480621,0.44999053576023595,0.650031347871908,-0.0003836370742437423,3.7908991635825635e-05,-4.608945410134522e-05
0.0,12.0,0.0,nan,nan,nan,nan,nan,nan,nan,nan,-0.4213363411770971,1.1303332285431447,4.796977996693345,1.1723585319740772,1.1322910881565729,-1.475258021108406,1.5960048284969135,4.199851780678273,-24.098061044937936,-9.509918115019296,-4.834010862837725,0.058658278553662575,-2.0658279143114764,-3.3222436682178117e-06,0.3499882187709072,0.4590819206885402,0.6500296253248115,-0.00040461772848599534,5.131259065120506e-05,-4.121261843456232e-05
0.0,13.0,0.0,nan,nan,nan,nan,nan,nan,nan,nan,-0.4453919296236746,1.1431303588340693,4.788993083232457,1.1379457963854949,1.150217052141869,-1.4593664841657288,1.5904493122142442,4.549845706476068,-24.69991466933489,-9.634586211624477,-4.758890619062625,0.05058129371136834,-2.233582056784778,-4.333917798712004e-06,0.3499894755211204,0.468173333826282,0.6500278727156827,-0.00043639903492303345,6.892059426759817e-05,-3.697553308148479e-05
0.0,14.0,0.0,nan,nan,nan,nan,nan,nan,nan,nan,-0.46925259502565647,1.1594474495993288,4.773142552893252,1.1025135983306822,1.1750959117650805,-1.4388589534838567,1.5854605815503953,4.900171545547027,-25.330357719689196,-9.786003416592742,-4.605003077166816,0.04245346223563277,-2.4020159282575735,-1.3889105374824238e-05,0.3500108317261711,0.4772869467873958,0.6499652823529293,-0.0007415906348614516,0.0002320806720897842,-2.0694763680930026e-05
0.0,15.0,0.0,nan,nan,nan,nan,nan,nan,nan,nan,-0.49405215730127405,1.1714777345314744,4.7649000528186,1.0656633657623926,1.194139905135253,-1.4235754568237573,1.5770747732709716,5.250177047156521,-25.97024343239053,-9.870115488097733,-4.52142180994333,0.023654475327068224,-2.5699866419765685,-1.5604557770044495e-05,0.35000933427662095,0.486377214498539,0.6499677870315264,-0.0008627425537763455,0.00025947212420394483,-2.7737378194744645e-05
0.0,16.0,0.0,nan,nan,nan,nan,nan,nan,nan,nan,-0.5192815164534498,1.1833577627216054,4.756097412220668,1.027398441081645,1.2141588633581861,-1.4083599244180645,1.5673161024028335,5.600180113873386,-26.630240916057804,-9.931665614595344,-4.431194217909408,-0.0015177611313183697,-2.737833121271113,-1.7854050356536658e-05,0.3500079967154833,0.49546750662909156,0.6499702451400966,-0.0010028908313384141,0.00029592651517832574,-3.3688462796676687e-05
1.0,0.0,0.0,nan,nan,nan,nan,nan,nan,nan,nan,-0.13804468701553335,0.996906023891685,4.841690938116736,1.4897886304563532,0.9871973531318564,-1.6348572791954363,1.570343090491524,-0.3503686058005668,-19.11395483963102,-7.792628182479133,-4.842047296008509,0.17352197596665503,-0.05594358859831057,-1.1034040748950915e-06,0.35911375336817264,0.35000950377225754,0.6499636731381319,3.05261610984137e-05,1.9269256806251884e-05,4.394542292547947e-05
1.0,1.0,0.0,nan,nan,nan,nan,nan,nan,nan,nan,-0.1614640725397177,1.0089456741810605,4.838911672895668,1.4653778424563921,0.9983023412181443,-1.6209566783759173,1.5754873995059697,-0.00033832599748325425,-19.467971172186818,-7.945945697165171,-4.8369956148506565,0.17472023009977902,-0.22258317112209203,-1.168683865068916e-06,0.35911220576509656,0.3591002251724185,0.6499651222335316,1.4931068212361284e-05,1.9868318334897203e-05,3.587040770537281e-05
1.0,2.0,0.0,nan,nan,nan,nan,nan,nan,nan,nan,-0.18480630308302837,1.0210604500199942,4.835810026568331,1.4402916138767465,1.0097848897234944,-1.6068774460578144,1.5798244858417838,0.3496888168870237,-19.842905361115754,-8.102781650788454,-4.826748473864452,0.1772975293898069,-0.38934834180012834,-1.2191574125278127e-06,0.35911069120337225,0.36819089151898465,0.649966617320577,-1.6509331112640116e-06,2.0163088126419065e-05,2.803168919232776e-05
1.0,3.0,0.0,nan,nan,nan,nan,nan,nan,nan,nan,-0.20809347052294533,1.0332383483754084,4.832375660510438,1.4145096328729334,1.0216669341397544,-1.5926311362752155,1.5833378406992387,0.6997127005657725,-20.238525670899907,-8.261994168816974,-4.811269599990373,0.1808409692454935,-0.5562391411580008,-1.2560710511667027e-06,0.35910921273251,0.3772815013005901,0.6499681640328854,-1.9502393220016712e-05,2.0165232607079778e-05,2.0416966522144107e-05
1.0,4.0,0.0,nan,nan,nan,nan,nan,nan,nan,nan,-0.23232002092943085,1.0391169100335038,4.838703465247877,1.3882756751644663,1.0258903808513098,-1.5851645118811388,1.5821296723482823,1.0500056786661227,-20.632490068789807,-8.370423618335632,-4.861665286303325,0.18198342165533632,-0.7248442558904682,-1.0167869994896978e-06,0.3590672526609469,0.3863519229424503,0.6500428236201504,-0.0003837056493691421,8.855339559233966e-06,-9.39049015585127e-05
1.0,5.0,0.0,nan,nan,nan,nan,nan,nan,nan,nan,-0.2554618789820154,1.0518647948336983,4.833976418864526,1.3610113357642857,1.0390659662624517,-1.570139897828893,1.584319846633578,1.3999750343593964,-21.070773275490236,-8.532676673997992,-4.834011937032311,0.18587282131998417,-0.8918747810326965,-1.0946380958017424e-06,0.3590691679021276,0.39544318606070716,0.650040898040241,-0.000374396054294476,1.0725701046505892e-05,-8.430206513118863e-05
1.0,6.0,0.0,nan,nan,nan,nan,nan,nan,nan,nan,-0.2786293862468355,1.064634882830832,4.8288714556219805,1.332970930906976,1.0527319995403421,-1.554982734838397,1.5856096785041998,1.749947777716138,-21.52906248949384,-8.693768517477855,-4.800657183108772,0.18951517475025653,-1.0590622160927412,-1.24284959099349e-06,0.35907099250973556,0.40453446986151814,0.6500390037454757,-0.0003677759774720117,1.377784094084128e-05,-7.548846205878832e-05
1.0,7.0,0.0,nan,nan,nan,nan,nan,nan,nan,nan,-0.30185243591790295,1.0774107010611031,4.823379156243883,1.3041196490023992,1.0669185448742546,-1.5397107315196743,1.5859697618996642,2.0999239993383654,-22.007224039024006,-8.85216099332667,-4.761518337669321,0.19241974240317522,-1.2264221118010985,-1.4702927870240612e-06,0.35907271396091694,0.413625766555584,0.6500371634566339,-0.0003643734170007401,1.816455342027288e-05,-6.746048639282293e-05
1.0,8.0,0.0,nan,nan,nan,nan,nan,nan,nan,nan,-0.32516290644219104,1.0901760614667542,4.817487732386207,1.2744176564482101,1.081660051576365,-1.5243415774015172,1.5853676025881176,2.4499036142189765,-22.50515638112254,-9.00620723002531,-4.716495599353684,0.19407307156012,-1.3939701238445497,-1.7891614331404617e-06,0.3590743286228281,0.4227170710255559,0.650035386332336,-0.00036485177641556863,2.409265871697166e-05,-6.021223818109388e-05
1.0,9.0,0.0,nan,nan,nan,nan,nan,nan,nan,nan,-0.3485946382590476,1.102917270886089,4.811178563413248,1.2438192439454907,1.0969994398045844,-1.508890301713035,1.5837682536004862,2.799886025541655,-23.022800233415172,-9.15416247491397,-4.665433483021761,0.1939384131146321,-1.5617195508591957,-2.2125616765904363e-06,0.3590758602306493,0.43180839124357856,0.6500336300786237,-0.0003700702999592565,3.176614455201936e-05,-5.377088214445853e-05
1.0,10.0,0.0,nan,nan,nan,nan,nan,nan,nan,nan,-0.3721850617032903,1.1156150642919989,4.804439614107218,1.212272105051215,1.1129771717204566,-1.4933786982044055,1.58112920509792,3.1498714380677963,-23.560108697879535,-9.294090171632725,-4.608231079950799,0.1914469190937776,-1.7296794226482268,-2.765733373273247e-06,0.3590772966755409,0.4408997211502748,0.650031914088078,-0.0003811297462742423,4.162246827764986e-05,-4.809436930155835e-05
1.0,11.0,0.0,nan,nan,nan,nan,nan,nan,nan,nan,-0.39597446741622067,1.1282517075484244,4.797252547002576,1.1797160434641683,1.1296423197997534,-1.4778269145142044,1.5774037819065263,3.4998597625639576,-24.11707468266681,-9.423912197518305,-4.544739352104856,0.18599896659945042,-1.8978509198907545,-3.4835736122804437e-06,0.35907864577582166,0.44999106586573945,0.6500302161376561,-0.0003995574768337139,5.425403330032648e-05,-4.315557220266499e-05
1.0,12.0,0.0,nan,nan,nan,nan,nan,nan,nan,nan,-0.42000688455338175,1.1408087416520756,4.7895955465860425,1.1460817703492876,1.1470505257267092,-1.4622558455516341,1.5725390874118326,3.849851204262539,-24.693720330433006,-9.541365796888815,-4.474782704589919,0.17695879947158205,-2.0662242855269426,-4.424593734862365e-06,0.35907991491641955,0.4590824362238453,0.650028501301851,-0.0004275818109242651,7.066782954532563e-05,-3.889659483292243e-05
1.0,13.0,0.0,nan,nan,nan,nan,nan,nan,nan,nan,-0.4438069838544903,1.1570727563937035,4.773816791704293,1.1114510359083292,1.1715990752357632,-1.4418674065039354,1.5683673621878138,4.2001489594082795,-25.299657647440398,-9.686072752757088,-4.323783393269484,0.16818413359277792,-2.2351230231024233,-1.42659424731344e-05,0.3591024243422049,0.46819609912781035,0.6499643873101382,-0.0007086244322388666,0.0002396299422987601,-1.946898950190418e-05
1.0,14.0,0.0,nan,nan,nan,nan,nan,nan,nan,nan,-0.46853414511278657,1.1688935858249803,4.765938074043059,1.0754578179029803,1.1900592799862373,-1.4268749424367102,1.560745060126905,4.550156484341142,-25.914261855387938,-9.76654354029614,-4.2457113310630135,0.1494718762445893,-2.4040337426986267,-1.5937371001229595e-05,0.3591008591318591,0.4772863712611273,0.6499669679515122,-0.0008233283792844154,0.00026641375006731285,-2.6915659597929128e-05
1.0,15.0,0.0,nan,nan,nan,nan,nan,nan,nan,nan,-0.4936587636474163,1.1805890806030814,4.75750760273451,1.0381029822339436,1.2094634103793338,-1.4119228237655388,1.551799636260817,4.900161747485476,-26.548927993895944,-9.826386428618662,-4.1610504294351065,0.1249432104323287,-2.5729872284415904,-1.8096249456341364e-05,0.35909948533971486,0.4863766949325046,0.6499694013155151,-0.0009568107359185197,0.00030142489818055874,-3.3309123448235015e-05
1.0,16.0,0.0,nan,nan,nan,nan,nan,nan,nan,nan,-0.5192529026034756,1.1921289722529445,4.748498343540904,0.9992535716508172,1.2298937987132263,-1.3970488911361285,1.5414348807355607,5.2501648330689195,-27.203831271443903,-9.862145132027013,-4.069632795029944,0.09374502304930532,-2.741859386533696,-2.0955261299314897e-05,0.3590982892625476,0.4954670637141625,0.6499717427689431,-0.001111133398902374,0.0003484089285932221,-3.883561118629425e-05
2.0,0.0,0.0,nan,nan,nan,nan,nan,nan,nan,nan,-0.13610593964217296,1.010874856390113,4.8362858517130585,1.4647393635626778,1.0005305010594097,-1.6187180445157288,1.5510983628761617,-0.700368413535442,-19.782702728122022,-7.996186636549042,-4.484029852614457,0.33980273028425045,-0.06245482120034237,-1.146738507326302e-06,0.36820330511272914,0.3500088590921089,0.6499649651590049,1.826235902363678e-05,1.951409184137666e-05,3.6389766786797746e-05
2.0,1.0,0.0,nan,nan,nan,nan,nan,nan,nan,nan,-0.15951551961118865,1.022589165249526,4.833371056519668,1.4402801411974278,1.0116535650650569,-1.6050922695148981,1.555861677670941,-0.3503394518202216,-20.13127591522017,-8.137325000863438,-4.478751256414223,0.337782048725191,-0.22835105767747527,-1.2190294408677698e-06,0.3682018199121648,0.35909958309511253,0.6499664277292055,2.251665534736342e-06,2.023209046562425e-05,2.8826581001226488e-05
2.0,2.0,0.0,nan,nan,nan,nan,nan,nan,nan,nan,-0.1828691448204941,1.03438304145977,4.830130008552397,1.4151285115341539,1.0231748981755884,-1.5912858882986636,1.5598213056783776,-0.00031398270741472215,-20.50070182698168,-8.281310706503312,-4.468169991247679,0.33697499340984566,-0.3945342675039694,-1.2787504077586473e-06,0.3682003798086803,0.368190253225957,0.649967919354542,-1.5177148995040104e-05,2.0664462165988023e-05,2.1393083100537173e-05
2.0,3.0,0.0,nan,nan,nan,nan,nan,nan,nan,nan,-0.2071599086037821,1.0397931097867563,4.836799406752334,1.389531851906604,1.02692578116245,-1.5843587576164073,1.5590252156725708,0.35002902026274846,-20.86789096805086,-8.37940671824783,-4.525900161167922,0.3346329134166901,-0.56322511764553,-1.4335923676059878e-06,0.3681577877447853,0.37726145178061055,0.6500431744271994,-0.0003853610056265341,1.6262337567247715e-05,-9.542451613054554e-05
2.0,4.0,0.0,nan,nan,nan,nan,nan,nan,nan,nan,-0.23036532124756737,1.0521793411513418,4.832295885528555,1.3629094411768643,1.0397204556276987,-1.56975737022913,1.561694246654309,0.6999963101861739,-21.28032171614721,-8.527067764262501,-4.502937864315708,0.3346524175398762,-0.7297713834453645,-1.483817045279536e-06,0.36815967166552716,0.3863526512037421,0.6500412914300882,-0.0003761106967338579,1.7631313052976135e-05,-8.595302979204253e-05
2.0,5.0,0.0,nan,nan,nan,nan,nan,nan,nan,nan,-0.2535909335165186,1.064599641906764,4.827429416573285,1.3355191071961143,1.0529929137243599,-1.5550151373750398,1.5634817988856453,1.0499674448990026,-21.712901166310647,-8.674197088152946,-4.474329983460232,0.3347170744281933,-0.8966158842896992,-1.606716290629347e-06,0.3681614517958901,0.3954438687309019,0.6500394695194078,-0.00036933568616747303,2.0239965314419362e-05,-7.719815230316456e-05
2.0,6.0,0.0,nan,nan,nan,nan,nan,nan,nan,nan,-0.27686360443783525,1.0770448974085474,4.822178867141717,1.3073279645308338,1.0667811033366097,-1.5401409685838847,1.56436375538491,1.3999412587192759,-22.16551240709324,-8.819396270402333,-4.439918336987157,0.33435804767758304,-1.0637663823833414,-1.8062867408765967e-06,0.3681631720867157,0.40453511621385674,0.6500376357856809,-0.0003656007911117877,2.4124474498798046e-05,-6.924139198835971e-05
2.0,7.0,0.0,nan,nan,nan,nan,nan,nan,nan,nan,-0.30021428655386184,1.0894942036223267,4.816540835449261,1.2782986286818356,1.0811109113601411,-1.525157792825767,1.5643057800943632,1.7499185471868366,-22.638022200673763,-8.961062791751312,-4.3996775215578,0.3330788319229447,-1.2312341124920085,-2.09655851150621e-06,0.36816479049858136,0.4136263766645864,0.6500358612286259,-0.0003654671252954055,2.954437039729205e-05,-6.203116569149185e-05
2.0,8.0,0.0,nan,nan,nan,nan,nan,nan,nan,nan,-0.3236749759479451,1.101933722290511,4.810497917536108,1.248388126392797,1.096022343804328,-1.5100805865708404,1.5632742360780727,2.0998987529328064,-23.130353746213686,-9.09753675479786,-4.353473636032494,0.3303622489981183,-1.399028567599321,-2.4901141780527664e-06,0.36816632732002846,0.4227176557486407,0.6500341101077916,-0.0003697215607054907,3.6697436769026875e-05,-5.559530802979523e-05
2.0,9.0,0.0,nan,nan,nan,nan,nan,nan,nan,nan,-0.34728113474446337,1.114343998929194,4.804039690912688,1.2175473280708977,1.1115524550481262,-1.4949311557226865,1.5612282537925757,2.4498821485822124,-23.64243910131171,-9.22697720800458,-4.301231595025118,0.32566073924605454,-1.5671572396070574,-3.011187749530321e-06,0.36816776587921546,0.431808944866311,0.6500324112288268,-0.000379360463730209,4.60074746802044e-05,-4.989383509484457e-05
2.0,10.0,0.0,nan,nan,nan,nan,nan,nan,nan,nan,-0.37107068931435294,1.1267089184178762,4.797146569249415,1.1857196605925926,1.1277492120618966,-1.4797275680445992,1.5581241036052595,2.7998683745816266,-24.17425519717911,-9.347426093693969,-4.242801801266145,0.3183986089255474,-1.7356214397212162,-3.6888210654645017e-06,0.3681691238687403,0.4409002524985519,0.6500307259141738,-0.0003957392166690665,5.7958104812590244e-05,-4.492899836050867e-05
2.0,11.0,0.0,nan,nan,nan,nan,nan,nan,nan,nan,-0.3950855229840764,1.1390085954608637,4.789801496742281,1.1528401798729941,1.1446618208529677,-1.4644922994912957,1.5539106924582158,3.149857771279441,-24.725793549206863,-9.456722889663167,-4.1780615248154875,0.3079638119156631,-1.9044144769748734,-4.577202633906718e-06,0.36817039424089887,0.4499915792087192,0.6500290533531929,-0.0004208119156352329,7.349158725573873e-05,-4.063755375230507e-05
2.0,12.0,0.0,nan,nan,nan,nan,nan,nan,nan,nan,-0.4193710522244088,1.1512260491614512,4.781976406414162,1.1188341786493032,1.162352414070917,-1.4492438146773847,1.5485322851799714,3.499850858590258,-25.29708060154256,-9.552545789301574,-4.106792344602791,0.29370941307717596,-2.0735176784187845,-5.770661639632494e-06,0.3681715916186988,0.4590829474984787,0.6500273242794844,-0.00045767869254460634,9.424676907744658e-05,-3.69384398604523e-05
2.0,13.0,0.0,nan,nan,nan,nan,nan,nan,nan,nan,-0.4435015853901007,1.1667820621087028,4.766564711332281,1.0838147746260245,1.186795123989423,-1.4295680350312154,1.543602967518615,3.8501350055317354,-25.89677226827769,-9.66884327261434,-3.9574882138443903,0.278913467319473,-2.2432010524115995,-1.632960686418557e-05,0.36819237541643074,0.46819550908088314,0.649966160499407,-0.0007894359440832695,0.0002742569349009208,-2.616580320175452e-05
2.0,14.0,0.0,nan,nan,nan,nan,nan,nan,nan,nan,-0.46853727569084286,1.1782707231018161,4.758494162103306,1.0473294645511515,1.205611221519855,-1.4149025586926214,1.5354207658538688,4.200142199745483,-26.506249711739688,-9.725533113432977,-3.878485719891485,0.25448864175691954,-2.413047279395813,-1.8425737174981106e-05,0.3681909481295927,0.4772858445121525,0.6499686378839555,-0.0009164298018992591,0.0003083254877854182,-3.2928239653713894e-05
2.0,15.0,0.0,nan,nan,nan,nan,nan,nan,nan,nan,-0.49401019447186717,1.189623275637873,4.749866203884597,1.009405272137144,1.2254108105125714,-1.4002949146852817,1.525868200378307,4.550146920590357,-27.13587554865026,-9.760045216783292,-3.792909071493538,0.22394784367708165,-2.5829898534293045,-2.1141671843433632e-05,0.36818968888578746,0.48637621173141404,0.6499710386312936,-0.0010630804210264248,0.00035296705889027675,-3.872067774218052e-05
2.0,16.0,0.0,nan,nan,nan,nan,nan,nan,nan,nan,-0.5199972043638517,1.2008142894450098,4.740636063828684,0.9698957544566079,1.246294652083415,-1.3857761337601986,1.5148436575533368,4.900149880115357,-27.78585018096964,-9.768784390621596,-3.7004259421019086,0.1864094670607746,-2.752885247913016,-2.4785287949261234e-05,0.36818862804818214,0.49546665295697484,0.649973301658465,-0.0012326470179443462,0.00041358343939848865,-4.3860459658512455e-05
3.0,0.0,0.0,nan,nan,nan,nan,nan,nan,nan,nan,-0.13477900404824653,1.0247626288726035,4.830698332360552,1.4390127192223978,1.014155736756843,-1.6025524641387319,1.5315232803061205,-1.0503670096383517,-20.455291395975518,-8.183457562138432,-4.116073935642901,0.5059776129423492,-0.07555576475223101,-1.2137976066235875e-06,0.37729287723655525,0.35000824985879186,0.6499662992099695,5.162686839890893e-06,2.0167654787763505e-05,2.9164843355813266e-05
3.0,1.0,0.0,nan,nan,nan,nan,nan,nan,nan,nan,-0.1581828503471964,1.0361593705899728,4.827641970990011,1.41448773739616,1.0253192632132542,-1.5891974133536746,1.535898533747314,-0.7003400899670837,-20.798799389475562,-8.312212403403777,-4.110680115971713,0.5006299870197687,-0.2407748600314718,-1.2951944458606786e-06,0.37729147397716056,0.35909897517514094,0.6499677467583455,-1.179228921823232e-05,2.101349522263867e-05,2.1963784643519263e-05
3.0,2.0,0.0,nan,nan,nan,nan,nan,nan,nan,nan,-0.1825179386065986,1.041107838134608,4.83461969963342,1.389522710021939,1.0286183836755252,-1.5828020260808264,1.5355013282006635,-0.3499482567218789,-21.139542736925332,-8.400192228996477,-4.176117119222306,0.4945894248265214,-0.4093372924323525,-1.8662472603579391e-06,0.37724841021100014,0.36817101278330244,0.6500434539600236,-0.00038627971600501207,2.3988525478281793e-05,-9.643820583876552e-05
3.0,3.0,0.0,nan,nan,nan,nan,nan,nan,nan,nan,-0.20577527723455302,1.053115923218987,4.83033404110048,1.3635363552757047,1.04103451922009,-1.5686385470380884,1.5386162166397965,1.7816620224396236e-05,-21.52631679859782,-8.533104977025259,-4.158109455445596,0.49051289928106057,-0.575158507266793,-1.8935235842440664e-06,0.37725023070644903,0.3772621425195681,0.6500416564124315,-0.0003771840136997652,2.4948188230024397e-05,-8.711479953210955e-05
3.0,4.0,0.0,nan,nan,nan,nan,nan,nan,nan,nan,-0.22904715368416895,1.0651821449785563,4.825679410701134,1.3367885982550884,1.0539339078703909,-1.5543117122529766,1.5408758750136322,0.349985900798939,-21.93340626339737,-8.666131483594592,-4.1343365871329185,0.4867561534235333,-0.741424533968149,-1.9886055613239266e-06,0.3772520319103929,0.38635331771987724,0.6500397891689383,-0.00037049964055597734,2.702645815305054e-05,-7.856855294453049e-05
3.0,5.0,0.0,nan,nan,nan,nan,nan,nan,nan,nan,-0.2523623380587196,1.0772769519826229,4.820668765961862,1.309248791668459,1.0673252076876052,-1.5398539855153368,1.5422443700462436,0.6999585620680748,-22.360609630909313,-8.797789756063358,-4.104912858488575,0.48286008978807204,-0.9081409209338056,-2.167193256571656e-06,0.3772536974060561,0.3954445005151082,0.6500380432269203,-0.00036655311251439324,3.055132084868487e-05,-7.066582648301438e-05
3.0,6.0,0.0,nan,nan,nan,nan,nan,nan,nan,nan,-0.27574690720684186,1.089397711936952,4.815268847823633,1.2808813153837115,1.08125710464001,-1.5252667782773937,1.5426991844092963,1.0499333734068672,-22.807853773039728,-8.926699862683996,-4.069592871359044,0.47835472281452324,-1.0753089279721477,-2.4305941963778535e-06,0.37725532675133644,0.4045357213341916,0.6500362498227155,-0.00036603485808490874,3.548038539783803e-05,-6.355869610616104e-05
3.0,7.0,0.0,nan,nan,nan,nan,nan,nan,nan,nan,-0.2992332070155115,1.1015173682387038,4.8094855268322565,1.2516459548717955,1.0957485652408558,-1.5105803241823832,1.542200198644535,1.3999121237795045,-23.27499752377766,-9.051178485703517,-4.028443384098601,0.4727356338737704,-1.2429367486368716,-2.8024256144702536e-06,0.377256834103838,0.4136269468154268,0.650034558185202,-0.00036957480621063033,4.22682341776431e-05,-5.712637670032783e-05
3.0,8.0,0.0,nan,nan,nan,nan,nan,nan,nan,nan,-0.32285313415222694,1.1136273427077792,4.803290580632426,1.2214961155186415,1.1108496982316443,-1.495803459351545,1.5407140405742228,1.749893266085566,-23.76200006603594,-9.16956697275772,-3.981250688302105,0.46548175551054516,-1.4110267060545563,-3.293326532324126e-06,0.37725828661143773,0.4227182022318092,0.6500328454013766,-0.0003781298966844193,5.104773768097048e-05,-5.146503836368016e-05
3.0,9.0,0.0,nan,nan,nan,nan,nan,nan,nan,nan,-0.34664372190519877,1.1257037266964156,4.796679538036928,1.1903787827635592,1.126593621002223,-1.4809632115756033,1.538194586910943,2.099877788779282,-24.26878762433887,-9.279938842548463,-3.928006598853253,0.45603469305344685,-1.579581024692317,-3.941293359703332e-06,0.3772596361486531,0.43180946659893815,0.650031196090553,-0.0003929203952801666,6.250442108161848e-05,-4.648206718094585e-05
3.0,10.0,0.0,nan,nan,nan,nan,nan,nan,nan,nan,-0.3706439885355936,1.1377316465657372,4.789628175951359,1.1582326291083964,1.1430335718454372,-1.4660760636693955,1.5345954907127237,2.4498651359075456,-24.79535226470164,-9.380286084187029,-3.8685338244188983,0.443808849857003,-1.7485931996920647,-4.785484168203863e-06,0.37726091402635586,0.4409007569640828,0.6500295397436144,-0.00041564416997982075,7.728934544381307e-05,-4.219557240183409e-05
3.0,11.0,0.0,nan,nan,nan,nan,nan,nan,nan,nan,-0.3948973207086937,1.1496916797056973,4.782115428025821,1.1249873502241312,1.1602235077285048,-1.4511634902064114,1.5298623117437964,2.7998558774631594,-25.34169077515838,-9.468382437453114,-3.8026871922587167,0.42818025730210074,-1.9180484291747713,-5.9069492172040725e-06,0.37726211602375853,0.4499920814294112,0.6500278558913996,-0.00044891600853698774,9.681787810007944e-05,-3.852939771878744e-05
3.0,12.0,0.0,nan,nan,nan,nan,nan,nan,nan,nan,-0.41896571752647443,1.1651447385281464,4.766803170555408,1.0907521151316542,1.1843219097036242,-1.4316555826575958,1.5256828356608416,3.150112571199372,-25.917010689250493,-9.576946052257737,-3.6566419299989192,0.41226795902630187,-2.0879350407074444,-1.6775299920453762e-05,0.37728386165391636,0.4591046128318136,0.6499654121856147,-0.0007602272798723765,0.0002829210491045251,-2.552017021413966e-05
3.0,13.0,0.0,nan,nan,nan,nan,nan,nan,nan,nan,-0.44392441074740685,1.17640923577792,4.759073712714474,1.0551006338880475,1.2025802386857336,-1.4172933107699848,1.5182186604168963,3.5001217386041317,-26.50145778147065,-9.62925549664534,-3.5833381452692334,0.3874524159906295,-2.2584677743273867,-1.883523548059783e-05,0.37728238919792395,0.4681949653173107,0.6499679271930692,-0.0008816121416770645,0.0003164988161065864,-3.2604631974286306e-05
3.0,14.0,0.0,nan,nan,nan,nan,nan,nan,nan,nan,-0.4692916746703454,1.18755796223489,4.7508023263556325,1.0180593213497786,1.2217872271104084,-1.4029673417111064,1.5094298217358662,3.8501283332135903,-27.105989100202144,-9.661130034269474,-3.5035704226259976,0.35703822217614034,-2.429264751700771,-2.1462739573559016e-05,0.37728108996026133,0.4772853512240747,0.649970338479441,-0.0010219575483154635,0.00035973288849742107,-3.870902869952338e-05
3.0,15.0,0.0,nan,nan,nan,nan,nan,nan,nan,nan,-0.4951394783562714,1.1985647824353964,4.741951322182864,0.9794922452011607,1.2420339252436179,-1.3887092485633261,1.4992201363920918,4.2001328496570665,-27.730755240096915,-9.669186462600754,-3.4170815759208666,0.3201844538985582,-2.600206746730832,-2.4908282312965285e-05,0.37727997859053153,0.48637579599999337,0.6499726246339768,-0.001184275917698537,0.00041701266073056295,-4.401914262526533e-05
3.0,16.0,0.0,nan,nan,nan,nan,nan,nan,nan,nan,-0.5215518450011196,1.209399546567992,4.732476531538952,0.9392365740892047,1.2634243170061548,-1.3745552200880173,1.4874767829060147,4.550136272384739,-28.37594738852616,-9.649550460270397,-3.3235642716029052,0.2759649567301678,-2.7711276342502837,-2.9590307618273126e-05,0.3772790652459308,0.49546633626444114,0.6499747973339391,-0.0013724763922154817,0.0004957045882743517,-4.86597816140047e-05
4.0,0.0,0.0,nan,nan,nan,nan,nan,nan,nan,nan,-0.13406813606023074,1.0385563076625117,4.824921467769993,1.412587011161676,1.028094096764968,-1.586376789071975,1.511588190195196,-1.4003650982886193,-21.13159229703849,-8.353271354148466,-3.7384258293718844,0.671708567130952,-0.09542281852978862,-1.3088171054957275e-06,0.38638248853428436,0.3500076732187606,0.6499676535705025,-9.188749998628333e-06,2.1283999006706863e-05,2.2185954613393588e-05
4.0,1.0,0.0,nan,nan,nan,nan,nan,nan,nan,nan,-0.158426601105504,1.04305070050375,4.8321763763343615,1.3882483709257532,1.0309605599077027,-1.5805050158162417,1.5115770487263958,-1.0499261077052782,-21.446282503200614,-8.43139228200555,-3.8119542447745642,0.6617746158808842,-0.26363529031751676,-2.312553339048573e-06,0.3863391064297884,0.35908059604813525,0.6500436857623066,-0.0003864290694993101,3.200139215965391e-05,-9.692295029743122e-05
4.0,2.0,0.0,nan,nan,nan,nan,nan,nan,nan,nan,-0.18172051160052138,1.0546781722112633,4.828082696532177,1.3628924164158214,1.0430168698988904,-1.5667783706296254,1.5151134923479184,-0.6999627887400942,-21.80770024416815,-8.54958263519742,-3.799026472762538,0.6534072202677181,-0.4284868526530427,-2.3157657067744014e-06,0.3863409316836726,0.3681716783721664,0.6500418556119218,-0.0003777101737879034,3.249135604605725e-05,-8.789254189726788e-05
4.0,3.0,0.0,nan,nan,nan,nan,nan,nan,nan,nan,-0.20502897134289577,1.066366516625804,4.823647859303027,1.336780702697814,1.055535425028463,-1.5528905427338002,1.5178077578698266,-0.34999542903558273,-22.18949231764835,-8.668301398614238,-3.780453423829851,0.6456052481758018,-0.593942782683548,-2.3925393782856744e-06,0.38634265865116674,0.3772627858568823,0.6500400907047423,-0.00037113380717292843,3.425023008601455e-05,-7.948175859472203e-05
4.0,4.0,0.0,nan,nan,nan,nan,nan,nan,nan,nan,-0.2283754822611631,1.078106586485177,4.8188517456936175,1.3098838859439743,1.068550290325965,-1.5388501016060976,1.5196369129599587,-2.522199163202169e-05,-22.591533303427692,-8.786283392034468,-3.756109651728399,0.6379336775295531,-0.7599955648660897,-2.547504119700236e-06,0.3863443293971395,0.3863539270787917,0.650038321915938,-0.0003672146059909724,3.732821378453623e-05,-7.17724330682087e-05
4.0,5.0,0.0,nan,nan,nan,nan,nan,nan,nan,nan,-0.2517870503445818,1.0898804200180987,4.8136871594623285,1.2821685608043052,1.0820872890318924,-1.524676146901899,1.520569986671965,0.3499482124776964,-23.013685137621735,-8.902107886382943,-3.725966972509204,0.6299344437174368,-0.9266445062743078,-2.7918919082290023e-06,0.38634592235182297,0.39544509374597936,0.6500365834609972,-0.00036646063683316735,4.192421900847046e-05,-6.475331515976067e-05
4.0,6.0,0.0,nan,nan,nan,nan,nan,nan,nan,nan,-0.27529266611824893,1.101670753624845,4.808144118563079,1.253596492747808,1.09617685366369,-1.510387264915179,1.520573515702503,0.6999249822844651,-23.455835558113534,-9.014249509370934,-3.6899766370823253,0.6211265421562224,-1.0938905491588233,-3.1407906482389645e-06,0.38634742683801937,0.4045362795300966,0.6500348936814243,-0.00036953026583338815,4.829967376919401e-05,-5.841755648902883e-05
4.0,7.0,0.0,nan,nan,nan,nan,nan,nan,nan,nan,-0.2989233112816982,1.113463152161582,4.8022054777813095,1.2241237906455475,1.1108580631769112,-1.4959989689468014,1.5196120860231288,1.049904581109743,-23.917908436222632,-9.121085086092778,-3.6480290148718986,0.6110052836163424,-1.2617337613211501,-3.6106640797006003e-06,0.386348861073923,0.4136274897297482,0.6500332177944996,-0.00037728340519226463,5.6720965484035296e-05,-5.2792899731060874e-05
4.0,8.0,0.0,nan,nan,nan,nan,nan,nan,nan,nan,-0.322713436001944,1.1252382046762872,4.7958600441853685,1.1937002410665711,1.126167871767596,-1.4815328260540808,1.5176435225870282,1.399887274223067,-24.399833284782744,-9.220820326690227,-3.6000684308341837,0.5990358697501306,-1.4301736044113653,-4.231316169401404e-06,0.38635021026995525,0.4227187178054549,0.6500315788362481,-0.0003908354393795509,6.770802331253818e-05,-4.784915763728991e-05
4.0,9.0,0.0,nan,nan,nan,nan,nan,nan,nan,nan,-0.3467003423712974,1.1369783510500453,4.789089997189545,1.1622680696954146,1.1421519901165718,-1.4670083205498272,1.514621993226607,1.7498729639084682,-24.901572988364492,-9.311524633797822,-3.5459849783842916,0.5846533998044472,-1.5992042413442102,-5.043591561978682e-06,0.3863514805934716,0.43180996775927855,0.6500299565479565,-0.0004117339723427978,8.196022271620005e-05,-4.357415492073727e-05
4.0,10.0,0.0,nan,nan,nan,nan,nan,nan,nan,nan,-0.37092498580600913,1.1486657101711906,4.781873590996711,1.1297608360482672,1.1588628994333252,-1.4524451204423814,1.5104960705232413,2.09986179566575,-25.423112899042096,-9.391095390806159,-3.4856364536259945,0.567258474512321,-1.7688125506952728,-6.114731011380581e-06,0.3863526793372414,0.4409012502167505,0.6500283151006773,-0.00044224468906391633,0.00010064057662835493,-3.993425375735703e-05
4.0,11.0,0.0,nan,nan,nan,nan,nan,nan,nan,nan,-0.3949404162687682,1.1639800137988425,4.766677321694433,1.0962840808160166,1.1826151746883253,-1.4331418560250557,1.5070147798815956,2.4500892242492407,-25.97417285352742,-9.490593160322753,-3.3430761835621694,0.5497666296616586,-1.9386850383940724,-1.7269799680711678e-05,0.3863752896398372,0.45001366394223324,0.6499647861015809,-0.0007349185081626036,0.0002923495854431462,-2.5000339657153797e-05
4.0,12.0,0.0,nan,nan,nan,nan,nan,nan,nan,nan,-0.4198310753187408,1.1750052936855118,4.759269350100685,1.0614344073202338,1.20034484962891,-1.4190967188711223,1.5002265695865975,2.800100372565852,-26.533762989652892,-9.537459133157462,-3.275519875458727,0.5241042397395627,-2.109702059234175,-1.9315316727255785e-05,0.38637378670263417,0.4591040429307154,0.6499673172568182,-0.0008515508831770688,0.00032580240929478706,-3.2357128879829276e-05
4.0,13.0,0.0,nan,nan,nan,nan,nan,nan,nan,nan,-0.44510541944886955,1.185933517639883,4.751334844791127,1.0252377280830407,1.2189911722024496,-1.4050686752087154,1.492155304420914,3.1501088147986738,-27.113385007580987,-9.565456050250523,-3.2015981497136257,0.49332374452977634,-2.2811431393454145,-2.188974674526824e-05,0.3863724577327793,0.46819445325901393,0.6499697306610958,-0.0009863455738806928,0.0003682405754925053,-3.8752286824002975e-05
4.0,14.0,0.0,nan,nan,nan,nan,nan,nan,nan,nan,-0.4708311695424002,1.1967376874924704,4.742842847761416,0.9875671545541408,1.238636015657301,-1.391090207076505,1.482709473401902,3.5001148589158566,-27.713145849938805,-9.571388442429162,-3.1211275853101306,0.45662138804041774,-2.4529087560675156,-2.5200325812020486e-05,0.3863713014129403,0.47728490427713005,0.6499720470594098,-0.0011419529927600993,0.00042329731247246256,-4.426370211131271e-05
4.0,15.0,0.0,nan,nan,nan,nan,nan,nan,nan,nan,-0.4970866664692647,1.2073903228981593,4.733749970216206,0.9482712916713572,1.2593791265227987,-1.3771939733294207,1.4717836068098344,3.8501193380691716,-28.33319947117889,-9.551642798407388,-3.0338096735842908,0.41311648957822233,-2.624859413285167,-2.9593033589400785e-05,0.3863703342233009,0.4863754339194868,0.649974253272183,-0.001322065199937457,0.000497050369425404,-4.9016290255126045e-05
4.0,16.0,0.0,nan,nan,nan,nan,nan,nan,nan,nan,-0.5239618510694861,1.2178619714653824,4.723997196718397,0.907171332376001,1.2813409383518375,-1.363409904848464,1.459255515502267,4.200124725443973,-28.973721262031734,-9.502109729458688,-2.93919668324738,0.3618398731023512,-2.7968147363351834,-3.56692291996792e-05,0.38636959898194284,0.495466131804979,0.6499762861968752,-0.0015359890754032032,0.0005999797924111383,-5.271341189617846e-05
5.0,0.0,0.0,nan,nan,nan,nan,nan,nan,nan,nan,-0.13491675028835276,1.0456187307206188,4.829464720994432,1.3857080500469703,1.0339579101318117,-1.5774691677954562,1.4872745982753282,-1.749906447560039,-21.78693236511853,-8.471567378366384,-3.4329518808838535,0.8360677577068122,-0.12656731581128433,-2.7668737795341267e-06,0.3954299396993444,0.34999020921646823,0.6500437716236288,-0.00038590914911071757,4.016947511314094e-05,-9.696103383851192e-05
5.0,1.0,0.0,nan,nan,nan,nan,nan,nan,nan,nan,-0.15823402233629202,1.0568459758129505,4.825567569907349,1.3609774536121124,1.0456487083326136,-1.5641986698705832,1.491197590818713,-1.3999438962204516,-22.123277439649424,-8.575023309151632,-3.425467511755693,0.8232366877513858,-0.2902116517568795,-2.7533997218048964e-06,0.39543169483215873,0.35908122930014125,0.6500420197005686,-0.0003775720091036563,4.0351827602782726e-05,-8.81780625440266e-05
5.0,2.0,0.0,nan,nan,nan,nan,nan,nan,nan,nan,-0.18156518997418472,1.0681501047337352,4.821334455895341,1.3354953932892308,1.0577997843681837,-1.550753666362319,1.494299748800563,-1.0499778930971047,-22.480078304373734,-8.679440936461555,-3.4122735718129795,0.8111986277422433,-0.45462208790461456,-2.8128613422800388e-06,0.39543337930439004,0.3681722823395496,0.6500402972234017,-0.00037127737740694005,4.178638309899402e-05,-7.99971932384529e-05
5.0,3.0,0.0,nan,nan,nan,nan,nan,nan,nan,nan,-0.20493234284946973,1.0795211072114028,4.816746890082669,1.3092340300952559,1.0704426192498973,-1.537143537249062,1.4965578661084016,-0.7000094354271973,-22.857207608036774,-8.783615061099102,-3.3932665071313126,0.7995355345408885,-0.6197839736775752,-2.949781494015471e-06,0.39543502786731205,0.3772633758222115,0.6500385440748347,-0.0003675052042660439,4.45245761536359e-05,-7.249388881040272e-05
5.0,4.0,0.0,nan,nan,nan,nan,nan,nan,nan,nan,-0.22836147258552952,1.0909371104519416,4.811804750340486,1.2821617523837896,1.0835958016758571,-1.5233917990029036,1.4979392575208685,-0.3500373578644263,-23.254509535647458,-8.886173908902142,-3.368490006306813,0.7878061179920647,-0.7856923316318658,-3.178008791223584e-06,0.3954365872234246,0.38635449274523553,0.6500368475515838,-0.00036669549321945665,4.882894445413381e-05,-6.561832299878053e-05
5.0,5.0,0.0,nan,nan,nan,nan,nan,nan,nan,nan,-0.25187933632530896,1.1023842198366574,4.80649304240644,1.2542422267662898,1.0972923801400953,-1.509512922704537,1.498413208091495,-6.213637997477258e-05,-23.67187981909168,-8.985689902233801,-3.3378660471706896,0.7755486307778604,-0.9523415393782525,-3.5099893532316467e-06,0.39543807140109855,0.3954456345252931,0.6500351832681316,-0.00036949732959321496,5.4901062075150055e-05,-5.940178625854909e-05
5.0,6.0,0.0,nan,nan,nan,nan,nan,nan,nan,nan,-0.27551524105925973,1.113847625623192,4.8007960545788135,1.2254338412851673,1.1115686480454083,-1.49552268141848,1.4979450849863893,0.3499158314267113,-24.109232610744012,-9.080617070530062,-3.301307442897145,0.7622771706045475,-1.1197276525274207,-3.9617002217315616e-06,0.3954394935834426,0.4045368047799485,0.6500335244717885,-0.0003767067994628682,6.300192892077606e-05,-5.387019050009208e-05
5.0,7.0,0.0,nan,nan,nan,nan,nan,nan,nan,nan,-0.2993018435328247,1.1253075602746836,4.794704287003418,1.195689030707416,1.1264583989457948,-1.481442894355787,1.4964938277779436,0.699896928602422,-24.566484503034967,-9.169247644575893,-3.258784591490972,0.7474770164658477,-1.2878478610867257,-4.562104531274846e-06,0.3954408334576041,0.41362799506035147,0.6500319042529444,-0.00038935025519295103,7.364059095582878e-05,-4.899337365410048e-05
5.0,8.0,0.0,nan,nan,nan,nan,nan,nan,nan,nan,-0.32327432797277567,1.1367477910858461,4.788198868427121,1.1649530155145997,1.1420064363414597,-1.4672913541911963,1.4940158620710013,1.0498808295846171,-25.04359050812402,-9.249755105055868,-3.210186748163812,0.7306050640245195,-1.4566948485482394,-5.346036069050144e-06,0.39544210555352693,0.4227192125128132,0.6500302874627606,-0.00040881824523115675,8.740487261828024e-05,-4.478272210900392e-05
5.0,9.0,0.0,nan,nan,nan,nan,nan,nan,nan,nan,-0.3474717312396034,1.148148863824929,4.781262759592256,1.1331629630241875,1.15825920510498,-1.4530895291108872,1.4904609535111224,1.3998678722151459,-25.540513478547723,-9.320128200596402,-3.155425189617065,0.7110837189823594,-1.6262569453467843,-6.376589604648912e-06,0.39544330210263906,0.43181045867973483,0.6500286723096977,-0.0004371353724213856,0.00010539531278711262,-4.119785202546518e-05
5.0,10.0,0.0,nan,nan,nan,nan,nan,nan,nan,nan,-0.37193661074738876,1.1594933354304613,4.773869667757627,1.1002469773207069,1.1752741002008036,-1.438855574689595,1.485774348677807,1.7498588584251156,-26.057234861777538,-9.378190019889791,-3.094329169932402,0.6883011496830774,-1.7965142376685925,-7.775012687803091e-06,0.39544442479446495,0.4409017509458263,0.6500270101034602,-0.0004777051176846978,0.00012974159162710056,-3.8159183737045007e-05
5.0,11.0,0.0,nan,nan,nan,nan,nan,nan,nan,nan,-0.39627019636659133,1.1740602167948704,4.759096919034635,1.0663451949751053,1.1988872504928836,-1.4203127060949239,1.4814752430419842,2.1000783436708015,-26.602350289559517,-9.449894646231808,-2.954879320702181,0.6646593872994782,-1.967206676776227,-1.98667866323802e-05,0.3954651392648879,0.450013082724009,0.6499667990255401,-0.0008260583292891998,0.0003362544960718916,-3.224297219670988e-05
5.0,12.0,0.0,nan,nan,nan,nan,nan,nan,nan,nan,-0.42146141821337174,1.1847529283679399,4.751479901569802,1.0309588363061857,1.217002800944562,-1.4065968052882791,1.4740783251866232,2.4500886105454724,-27.157259162173784,-9.472934564136938,-2.8868559101230735,0.6330579053027139,-2.1390871066840935,-2.2418029747202597e-05,0.39546379355793027,0.4591035249565936,0.6499691974855675,-0.0009561499116344539,0.0003784075246265979,-3.889508146559977e-05
5.0,13.0,0.0,nan,nan,nan,nan,nan,nan,nan,nan,-0.4470788914456045,1.1953375597849387,4.743327653323547,0.9941437585417918,1.2360783104880764,-1.392914826235753,1.4653487171347266,2.8000961713076324,-27.732221379286322,-9.47548165162605,-2.8124485666092434,0.5960148760337582,-2.3114625484037883,-2.5642621070917354e-05,0.3954625993796118,0.4681939860146171,0.6499715440078611,-0.0011057770778724817,0.00043209702774497076,-4.4609563253771646e-05
5.0,14.0,0.0,nan,nan,nan,nan,nan,nan,nan,nan,-0.4731952935783281,1.2057915213587171,4.734591498615379,0.9557592523846516,1.2562145241202427,-1.37929227301196,1.4551887807927708,3.1501019815785987,-28.327363696006252,-9.454180046828856,-2.7313029199978116,0.5526938716088472,-2.484217106395914,-2.9847136596052212e-05,0.3954615997317905,0.4772845246617995,0.6499737446307212,-0.0012793902587587514,0.0005026699300304904,-4.9524912009392284e-05
5.0,15.0,0.0,nan,nan,nan,nan,nan,nan,nan,nan,-0.49989603443962943,1.2160839341914136,4.725223831106685,0.9156368921133605,1.2775189508615077,-1.3657633283722883,1.4434817024031377,3.500107681727377,-28.942823340054282,-9.405140897272117,-2.643093437139396,0.5021671020740455,-2.6571937252568865,-3.551648959710994e-05,0.39546080673096895,0.48637519372275423,0.649975817693218,-0.0014832828695993776,0.0005986178492992806,-5.346044373992715e-05
5.0,16.0,0.0,nan,nan,nan,nan,nan,nan,nan,nan,-0.527277399850305,1.226180833476475,4.715159031677273,0.873580827796753,1.3001216592985718,-1.352354546642124,1.4300929443005455,3.8501173138220293,-29.578717774217996,-9.323949367991473,-2.5473274459359003,0.4434103579478544,-2.8302027659588216,-4.349037562314427e-05,0.395460274497065,0.49546611073353775,0.6499777151042359,-0.0017354716707968366,0.0007344397728033346,-5.536555980047016e-05
6.0,0.0,0.0,nan,nan,nan,nan,nan,nan,nan,nan,-0.1353466032588627,1.0596099481933734,4.822792148050337,1.35779017054608,1.0489291411887938,-1.5609082231954288,1.4668850445244384,-2.0999263270367696,-22.471855989772514,-8.607939320356914,-3.037076339090897,0.9998634280055234,-0.16078411286380273,-3.20310609885712e-06,0.4045225428053575,0.3499907955931478,0.6500421122417017,-0.0003768123828223252,4.845799092442517e-05,-8.800782452067104e-05
6.0,1.0,0.0,nan,nan,nan,nan,nan,nan,nan,nan,-0.15868562746559287,1.0705243874074672,4.818743905733559,1.3329316864865388,1.060725253543835,-1.547909344489204,1.4703689349564355,-1.7499622759544218,-22.80402146959009,-8.698134813375859,-3.0294537238675407,0.9834234356442951,-0.32391393516266914,-3.2466946555144145e-06,0.40452421347895157,0.35908180531618744,0.6500403773023207,-0.0003709588565172591,4.9573590873122757e-05,-8.014101282171987e-05
6.0,2.0,0.0,nan,nan,nan,nan,nan,nan,nan,nan,-0.18206162628081898,1.0815125846667448,4.814360513702306,1.3072986819006598,1.0729991534484686,-1.5347423487753094,1.4730248214036907,-1.3999946676942248,-23.156534582573624,-8.788461337754974,-3.0160645578963905,0.9675802230014603,-0.487959418182431,-3.3713629071800884e-06,0.40452580788878567,0.3681728461825018,0.6500386852294583,-0.0003674273533279827,5.208523096079735e-05,-7.284942722392806e-05
6.0,3.0,0.0,nan,nan,nan,nan,nan,nan,nan,nan,-0.20549764929689324,1.0925606505156538,4.809629177313654,1.2808609345232942,1.0857784461044475,-1.521421304638624,1.4748252579509358,-1.050023847275405,-23.529272498896738,-8.87766138098244,-2.9968627592058987,0.9519111718314214,-0.6529056446142492,-3.5867127794224015e-06,0.40452733371825783,0.37726391717368657,0.6500370224318842,-0.0003667201595316941,5.6149193483249314e-05,-6.616551404929812e-05
6.0,4.0,0.0,nan,nan,nan,nan,nan,nan,nan,nan,-0.22901896325288779,1.1036540490239013,4.804536483176171,1.2535838746301433,1.099093542704335,-1.507961272949351,1.475739713735132,-0.700050118483907,-23.92212681557266,-8.964375476951925,-2.9717935446885115,0.9359722078620072,-0.8187418630816545,-3.9048913491964874e-06,0.40452879859619156,0.3863550187368871,0.6500353733903627,-0.0003694394529942506,6.19648382718924e-05,-6.0116483393347484e-05
6.0,5.0,0.0,nan,nan,nan,nan,nan,nan,nan,nan,-0.2526536059703113,1.1147750862668213,4.799072546283524,1.225428008536123,1.1129743358945852,-1.4943812675889672,1.4757328543321138,-0.3500733041101282,-24.334994857718424,-9.047115736451227,-2.940833007906451,0.9192948154038958,-0.985461053597261,-4.345071139276815e-06,0.4045301905493275,0.39544614544496415,0.6500337565917154,-0.00037632264008726304,6.986537838824867e-05,-5.469734418080874e-05
6.0,6.0,0.0,nan,nan,nan,nan,nan,nan,nan,nan,-0.2764320629048555,1.1259067716678162,4.793224011817538,1.1963480591625768,1.127456243435188,-1.4806996816973803,1.4747662522953777,-9.347327319369292e-05,-24.767796465343537,-9.124275525843627,-2.903928731953648,0.901384629362743,-1.1530561630114544,-4.932717947153076e-06,0.40453150870298255,0.40453729569016206,0.6500321702119449,-0.0003883459131424549,8.028723072616175e-05,-4.99112800919757e-05
6.0,7.0,0.0,nan,nan,nan,nan,nan,nan,nan,nan,-0.3003875120942303,1.1370342817754653,4.786970581259577,1.1662919049056357,1.1425836575081816,-1.4669325159555298,1.4727983537328417,0.34988882056232323,-25.22048264949979,-9.194125864801963,-2.860964405508406,0.8817193831263421,-1.3215174780131913,-5.697045185504423e-06,0.40453277683448285,0.4136284806058217,0.6500305611967306,-0.00040676855980613,9.371260242144509e-05,-4.579153277406344e-05
6.0,8.0,0.0,nan,nan,nan,nan,nan,nan,nan,nan,-0.32455731460808485,1.1481353883902106,4.7803018630459695,1.1352000380411942,1.1583953968075702,-1.4531043928635428,1.4697792980437159,0.6998744187151392,-25.69299058113951,-9.254735362105787,-2.811924373312334,0.8597421969025975,-1.490834651974331,-6.7030166024684845e-06,0.4045339611518604,0.4227196893638877,0.6500289804654282,-0.0004334651211372998,0.00011129386321464903,-4.2271266968227583e-05
6.0,9.0,0.0,nan,nan,nan,nan,nan,nan,nan,nan,-0.3489817834323044,1.1591940248549917,4.773191240136156,1.1030039842209567,1.1749474335379506,-1.4392320498477336,1.4656569271131097,1.0498635362357318,-26.18529739397186,-9.304040044996892,-2.7566427382527676,0.8348639534152056,-1.6609885676724774,-8.050135791156537e-06,0.4045350767723183,0.43181094110127294,0.6500273641655139,-0.00047135349176172497,0.00013476362107441676,-3.9322908223454384e-05
6.0,10.0,0.0,nan,nan,nan,nan,nan,nan,nan,nan,-0.37325637469058814,1.1735767808827289,4.758563716746687,1.069844209151843,1.198198378198337,-1.420938513673834,1.4619934357549234,1.4000560026651652,-26.706381098659183,-9.366166055425355,-2.621191456901491,0.8092797599174182,-1.8314415109923035,-2.050182230779328e-05,0.4045564716983491,0.4409221114650251,0.649966296052388,-0.0008055280719400557,0.0003480536900649952,-3.235674903988516e-05
6.0,11.0,0.0,nan,nan,nan,nan,nan,nan,nan,nan,-0.39837229386167566,1.1840168633702997,4.751252794104412,1.0352367669091556,1.2158047483006749,-1.407552182528981,1.4552284148832704,1.7500679205931036,-27.236776580900365,-9.383284245409115,-2.5592129548739377,0.7764355608180685,-2.003560252250145,-2.3048154511031628e-05,0.4045550978881172,0.4500125718593184,0.6499687270730442,-0.0009312204095276681,0.000390246501777437,-3.918383269716662e-05
6.0,12.0,0.0,nan,nan,nan,nan,nan,nan,nan,nan,-0.4238917583064702,1.1943694078221054,4.743415386373677,0.9992408197473811,1.2343464508173374,-1.394177526515361,1.4471717406713474,2.100077201189151,-27.787163202869955,-9.38137347549962,-2.4908622035761057,0.7386006907854619,-2.176339583193568,-2.6238985164826692e-05,0.4045538963554815,0.459103067313404,0.6499710341445335,-0.0010764322098671597,0.0004434531821462005,-4.512849830307723e-05
6.0,13.0,0.0,nan,nan,nan,nan,nan,nan,nan,nan,-0.4498845645458304,1.2046053141946065,4.735022153007327,0.9617230279097037,1.2539046808932155,-1.3808494884246751,1.437727310725811,2.450084150431267,-28.35761467844046,-9.357201957966392,-2.4159969371823933,0.694968678657374,-2.349679364538182,-3.0312366699870207e-05,0.4045528502188835,0.46819360035797325,0.6499732918901338,-0.0012436473246065427,0.0005118693543044957,-5.0168374071352044e-05
6.0,14.0,0.0,nan,nan,nan,nan,nan,nan,nan,nan,-0.4764298230028074,1.2147013377406477,4.72601476069579,0.9225265937265439,1.2745926636854377,-1.3675918021,1.4267877311232269,2.800090567394367,-28.94825254343701,-9.3071733495809,-2.334173011356729,0.6446596243086107,-2.5234479351104357,-3.5708102234530416e-05,0.40455201782504985,0.47728426004228786,0.6499753779089088,-0.0014398909813676864,0.0006031474847623358,-5.429579904206744e-05
6.0,15.0,0.0,nan,nan,nan,nan,nan,nan,nan,nan,-0.5036194943945514,1.2246239426918368,4.716336020086171,0.8814658423373152,1.2965303331557396,-1.354434799306501,1.4142246343707479,3.150099622964365,-29.559174188525176,-9.227115507019889,-2.244982450971748,0.5866935539739006,-2.6974778387549714,-4.313069764659155e-05,0.40455142988496284,0.48637513527123183,0.6499772939264882,-0.0016783891130694997,0.0007295079208559677,-5.680583014989483e-05
6.0,16.0,0.0,nan,nan,nan,nan,nan,nan,nan,nan,-0.5315534728975335,1.2343301605321888,4.7059188661448,0.8383325458975336,1.3198501427086091,-1.3413977222252063,1.3998925548469572,3.500116944179218,-30.190364476595512,-9.112309511570928,-2.1479626387733033,0.5199919557110521,-2.8715881257587847,-5.38756962699588e-05,0.40455116783286094,0.49546635735213934,0.6499790332783146,-0.0019949463696578144,0.0009130928718635258,-5.5975770158867546e-05
7.0,0.0,0.0,nan,nan,nan,nan,nan,nan,nan,nan,-0.13642158945947802,1.0734706004519516,4.815893233616609,1.3290876810676615,1.064300097130696,-1.544377243910258,1.4460245123202824,-2.4499478149711695,-23.160104883821376,-8.722820548978582,-2.6317871903750047,1.1621219500405677,-0.20227482913351574,-3.6960556361384912e-06,0.41361511924178435,0.3499913374859678,0.6500404000250416,-0.0003701397824498024,5.766803069709665e-05,-7.986759665693038e-05
7.0,1.0,0.0,nan,nan,nan,nan,nan,nan,nan,nan,-0.1597929527602552,1.0840674267145605,4.811703837560665,1.3040761781509,1.0762129628612942,-1.531660676229277,1.449050291487006,-2.099980880451994,-23.488359031432008,-8.799367820764287,-2.6242582609860023,1.1419367000945253,-0.364978419527442,-3.812535117089349e-06,0.41361665804640774,0.35908232955488584,0.6500387650670694,-0.0003669733697440771,6.0020777092374625e-05,-7.282960982465154e-05
7.0,2.0,0.0,nan,nan,nan,nan,nan,nan,nan,nan,-0.18322407961090284,1.0947386598655644,4.807172348013365,1.2782648850783027,1.0886276705913442,-1.5187778585969183,1.4512414720040212,-1.750011213516867,-23.836862936670485,-8.875199881419308,-2.6108532568219007,1.1221445245077024,-0.5287416329727361,-4.018982100169419e-06,0.4136181503534548,0.36817335802434803,0.6500371292086667,-0.00036651663081411573,6.39090455375722e-05,-6.638073370031906e-05
7.0,3.0,0.0,nan,nan,nan,nan,nan,nan,nan,nan,-0.2067392123443288,1.1054662254011831,4.802291967781255,1.2516208825870192,1.1015678719427193,-1.5057478845335046,1.4525660156283358,-1.4000383832415886,-24.20549511829988,-8.94900822644822,-2.5915870382008324,1.1023180699300845,-0.6935504488180713,-4.33049474936342e-06,0.41361957436254143,0.3772644152566245,0.6500355271889542,-0.0003693135913889375,6.960091159916669e-05,-6.051289598221922e-05
7.0,4.0,0.0,nan,nan,nan,nan,nan,nan,nan,nan,-0.23036400599231635,1.1162379417952035,4.7970438813802,1.2241063298915271,1.1150696382642755,-1.4925831448586624,1.4529922416383396,-1.050063204902479,-24.594174280179104,-9.019407929683302,-2.566365267996134,1.0820080323105445,-0.8593903614241197,-4.759689779248002e-06,0.413620960212885,0.3863555101275249,0.6500339009401305,-0.00037608679131953147,7.728884021998293e-05,-5.528195013349915e-05
7.0,5.0,0.0,nan,nan,nan,nan,nan,nan,nan,nan,-0.25412806653575043,1.127031046636716,4.791425766012672,1.1956782165259512,1.129157596568548,-1.4793087018120121,1.4524795707379794,-0.7000846000580956,-25.002791436778892,-9.084840006040547,-2.5352476032059212,1.0607373072866009,-1.026254118983272,-5.338386946259236e-06,0.4136222583647522,0.395446624775853,0.6500323366737468,-0.00038772925830661304,8.755126490664533e-05,-5.063109357085606e-05
7.0,6.0,0.0,nan,nan,nan,nan,nan,nan,nan,nan,-0.27806262579318164,1.137831624710078,4.785417002456419,1.1662868935762187,1.1438746875483194,-1.4659393290192464,1.4509882381939376,-0.3501032571352541,-25.431292889720858,-9.143661118666305,-2.498126645181485,1.0380030834824754,-1.1941290048724575,-6.096426820455204e-06,0.41362349603357085,0.40453776902933847,0.6500307779120947,-0.000405460933091481,0.00010088234366130421,-4.6600731780496816e-05
7.0,7.0,0.0,nan,nan,nan,nan,nan,nan,nan,nan,-0.3022027604315825,1.1486208007369336,4.779002448856928,1.1358755377592433,1.1592621843447741,-1.4524956095641721,1.448471481521461,-0.00011892936038721252,-25.879620853009868,-9.194053388184265,-2.4549503331927807,1.013270475542483,-1.363002461823232,-7.088742243338417e-06,0.41362466459006814,0.4136289424519137,0.6500292286367912,-0.0004309872863264893,0.00011824031458980094,-4.317189655098687e-05
7.0,8.0,0.0,nan,nan,nan,nan,nan,nan,nan,nan,-0.3265869241900551,1.1593815870216297,4.7721589697118505,1.1043788978557654,1.1753713807612878,-1.4389954340460094,1.4448783775481902,0.3498685958479976,-26.347738769331134,-9.23404443100066,-2.4055935506686117,0.9859714836501671,-1.5328564187129856,-8.404520436909398e-06,0.4136257713525364,0.42272015854064965,0.6500276461149547,-0.00046690082417735204,0.0001411789698706842,-4.0326110548233524e-05
7.0,9.0,0.0,nan,nan,nan,nan,nan,nan,nan,nan,-0.3508080736633777,1.1735441108237372,4.75770016768161,1.0719382725226878,1.1982509450804741,-1.420989274048515,1.4418006818687494,0.7000332507236098,-26.84494522928353,-9.285616576058763,-2.2744931613102177,0.9580640093216001,-1.7028702462303804,-2.1209410018951733e-05,0.4136477259443492,0.43183108571519885,0.6499659564456449,-0.000788607054574855,0.0003610551657405283,-3.264996850844746e-05
7.0,10.0,0.0,nan,nan,nan,nan,nan,nan,nan,nan,-0.3758535760493818,1.1837202928579293,4.75067543312443,1.0380813722894706,1.2153756241612932,-1.407942497950005,1.4356294849558349,1.050046764663143,-27.351059065940696,-9.29601865631676,-2.2186287139306855,0.9235925015361011,-1.875029211686657,-2.3774009037595775e-05,0.4136463446981711,0.4409215767248782,0.6499683827627633,-0.0009107603535489701,0.00040367657779597703,-3.9616664476809243e-05
7.0,11.0,0.0,nan,nan,nan,nan,nan,nan,nan,nan,-0.401283768872459,1.1938252176277149,4.7431390188191065,1.0028704338145609,1.2334082251772882,-1.3948911723802913,1.428202785101376,1.4000575127773582,-27.877095301203095,-9.288675536613555,-2.156459817825756,0.8845454678676611,-2.0480089188691,-2.6953782823254442e-05,0.41364513105646383,0.45001209711418727,0.6499706853731834,-0.001051702261724461,0.000456807319519125,-4.572509481661028e-05
7.0,12.0,0.0,nan,nan,nan,nan,nan,nan,nan,nan,-0.4271644155986619,1.2038310514095814,4.73506275328698,0.9661799442218292,1.252425947538058,-1.381868168086681,1.419429323080473,1.7500658090481251,-28.423099939356856,-9.260538919032333,-2.0878597219804993,0.8401512619690531,-2.2217250560025423,-3.096173653972906e-05,0.4136440701547063,0.45910265034130154,0.6499729292484286,-0.001214067216492444,0.0005241919775396649,-5.092699340228228e-05
7.0,13.0,0.0,nan,nan,nan,nan,nan,nan,nan,nan,-0.45357043880032955,1.2137143676014832,4.7263944685634,0.9278618719320161,1.2725336964744811,-1.3688981255617994,1.4092065507819636,2.100073050146914,-28.989161893834634,-9.208202813112981,-2.012453075850389,0.7895664586305814,-2.3960644711791654,-3.617454062433235e-05,0.41364320667130816,0.46819330798630304,0.6499750288605439,-0.0014037927066639139,0.0006123900913121941,-5.520568404741204e-05
7.0,14.0,0.0,nan,nan,nan,nan,nan,nan,nan,nan,-0.4805886648830195,1.2234451179954768,4.7170766742559636,0.8877411331861257,1.293848550909406,-1.3560086728753586,1.3974134714504347,2.450082043959467,-29.575360756866456,-9.127751203773693,-1.9298238015055664,0.7318556741213897,-2.570882669192339,-4.321029413176839e-05,0.413642580146458,0.47728416090449993,0.6499769476427812,-0.001632134215473494,0.0007321287577180507,-5.8117913883225e-05
7.0,15.0,0.0,nan,nan,nan,nan,nan,nan,nan,nan,-0.5083169541274615,1.2329835171753136,4.707046908121301,0.8456153446771699,1.316498388372545,-1.343225104297165,1.3839092975976652,2.800097403865732,-30.181705173031897,-9.014694989844651,-1.8395417918461738,0.6659793654681903,-2.746010661652276,-5.3121287252701614e-05,0.41364224000295463,0.4863753132971056,0.6499787168667108,-0.0019245489640061812,0.0009014995217915684,-5.831578387158513e-05
7.0,16.0,0.0,nan,nan,nan,nan,nan,nan,nan,nan,-0.5359917333586051,1.240451249116573,4.700630709250017,0.8030665246445049,1.3355790139565915,-1.3311562828780663,1.3691752425531356,3.1498735331638223,-30.78998878192039,-8.869051993503692,-1.7996983614504727,0.5934188888873873,-2.9252197807232236,-0.00010714862986310731,0.41363593782187846,0.4954543655187334,0.6500221025949433,-0.003897649020654532,0.0018159379048677056,-9.505171253335846e-05
8.0,0.0,0.0,nan,nan,nan,nan,nan,nan,nan,nan,-0.13815555603006724,1.0871735065134982,4.808781052658247,1.2995635299492192,1.080083104328451,-1.5279104391056864,1.4246457045235617,-2.7999687585701145,-23.851502972462647,-8.814797631235692,-2.217580497751407,1.322430694970773,-0.2512980449763453,-4.271524136158629e-06,0.4227075961722955,0.3499918255470783,0.6500387521502016,-0.00036619198242000313,6.828870309567411e-05,-7.247026386555823e-05
8.0,1.0,0.0,nan,nan,nan,nan,nan,nan,nan,nan,-0.16156915461834567,1.0974598538749045,4.804439708025895,1.2743709230021103,1.0921415927810432,-1.5154728700611868,1.4272000452694074,-2.450000041094207,-24.176143945571386,-8.8773309198475,-2.210208752252063,1.2983571823116704,-0.4136591445257435,-4.473357633584459e-06,0.4227090518493504,0.3590828146857154,0.6500371416873219,-0.0003661143494235341,7.20736223701931e-05,-6.629192596729272e-05
8.0,2.0,0.0,nan,nan,nan,nan,nan,nan,nan,nan,-0.1850667167565877,1.1078159772312486,4.799756229392647,1.2483508430390438,1.1047208222112865,-1.502876948892639,1.4289080715592395,-2.100028494659273,-24.52091060769195,-8.93824268195791,-2.1969190981764872,1.2744644461966699,-0.5772243045315122,-4.779192216707506e-06,0.4227104559361369,0.3681738384292601,0.6500355416020037,-0.0003691553892094847,7.76406910022348e-05,-6.0673193707945876e-05
8.0,3.0,0.0,nan,nan,nan,nan,nan,nan,nan,nan,-0.20867343297556282,1.1182216275724346,4.794726785416087,1.2214673121214046,1.1178428964543474,-1.4901444722951858,1.4297344478730238,-1.7500533351923726,-24.88568861434482,-8.996177646691505,-2.1777685924234995,1.250318864009892,-0.7419793787021159,-5.212263509173917e-06,0.42271177150892675,0.3772648833250138,0.6500340159387019,-0.00037598191220256224,8.541123308781127e-05,-5.558451484919603e-05
8.0,4.0,0.0,nan,nan,nan,nan,nan,nan,nan,nan,-0.23241550471458805,1.1286674872739062,4.789326137257152,1.1936787718047344,1.1315505422171783,-1.4772845325001096,1.4296464248378176,-1.4000760085302495,-25.27042437581747,-9.049716441765518,-2.1526128334028205,1.2254639893409127,-0.9079053532091012,-5.787254541697796e-06,0.42271305481859744,0.38635596675537803,0.6500324578176329,-0.00038748755146267164,9.559710539329321e-05,-5.111327656462767e-05
8.0,5.0,0.0,nan,nan,nan,nan,nan,nan,nan,nan,-0.2563235167809607,1.1391317967208663,4.783548604057699,1.1649380088896133,1.1458725172759456,-1.4643210220142706,1.4286011677190895,-1.0500956391155416,-25.67502588860621,-9.097256492206828,-2.1214952042763353,1.1994142400243883,-1.0749916698779793,-6.5445684197642845e-06,0.4227142667162058,0.39544707576770277,0.650030932737811,-0.00040481600512392164,0.00010892082616296547,-4.721698799873707e-05
8.0,6.0,0.0,nan,nan,nan,nan,nan,nan,nan,nan,-0.2804303729344183,1.1495991818540416,4.777373881639891,1.1351905462633305,1.1608530621359812,-1.45127032396206,1.4265548436954965,-0.7001126267265106,-26.09944444662954,-9.137083257861935,-2.0843216967254348,1.1716552725158105,-1.2432224073347005,-7.529252207777166e-06,0.4227154252411912,0.404538220058169,0.6500293949815681,-0.0004295240529741144,0.0001261481378880756,-4.39217270668583e-05
8.0,7.0,0.0,nan,nan,nan,nan,nan,nan,nan,nan,-0.3047728804737678,1.1600500479649654,4.770785323533502,1.1043742304850945,1.1765360685969957,-1.4381533202418781,1.423456917150913,-0.3501263005345978,-26.5436217469242,-9.167302787598308,-2.0410409497471074,1.1416392521967669,-1.412581019146562,-8.833073764667417e-06,0.42271651271529787,0.413629400490295,0.6500278546202458,-0.00046406426649407435,0.0001488971485622616,-4.118650465326066e-05
8.0,8.0,0.0,nan,nan,nan,nan,nan,nan,nan,nan,-0.3289431038391895,1.1739641536308416,4.756504684718444,1.072632587959266,1.199045998110206,-1.4204619229186657,1.420920177601407,1.0522317359940551e-05,-27.017143577888575,-9.207560048603826,-1.9145117911491536,1.1110690583323668,-1.581962988374207,-2.2015174447985352e-05,0.4227389517773883,0.4227400519224279,0.6499656417929535,-0.000776300381725686,0.00037567487599057196,-3.3243429854913525e-05
8.0,9.0,0.0,nan,nan,nan,nan,nan,nan,nan,nan,-0.3539217207301282,1.1838623574774383,4.749755164545219,1.0394998209235038,1.2157078231891836,-1.407768786347335,1.4153046886588583,0.3500254903331622,-27.499213855209202,-9.210542793985482,-1.8649302911368248,1.074614936474886,-1.753966687930603,-2.4612585211674358e-05,0.422737554992553,0.43183056271434456,0.649968099301903,-0.0008952561886687267,0.00041898134198428493,-4.027270459732729e-05
8.0,10.0,0.0,nan,nan,nan,nan,nan,nan,nan,nan,-0.3792685906318226,1.1937078207928804,4.742501003654601,1.0050432318771434,1.2332588396182853,-1.3950516326178755,1.408468459728982,0.7000376786867615,-28.001145825501958,-9.196949705883435,-1.8090204715106477,1.033971596881957,-1.9269485874644954,-2.7814703215630642e-05,0.42273634447579794,0.44092111664506684,0.6499703714128495,-0.0010329044170072456,0.00047260516583473404,-4.651836487557924e-05
8.0,11.0,0.0,nan,nan,nan,nan,nan,nan,nan,nan,-0.40504647417227996,1.2034700971354166,4.734722893203327,0.9691437418006674,1.251765970163105,-1.3823466184338618,1.4003226950891023,1.0500473161273294,-28.522949931608093,-9.163871713292142,-1.7467544985839742,0.9883970735372216,-2.1008376111317473,-3.180665426637432e-05,0.4227352795854506,0.4500116962634526,0.6499725885897132,-0.0011914115479961542,0.0005398140727357349,-5.186866238031608e-05
8.0,12.0,0.0,nan,nan,nan,nan,nan,nan,nan,nan,-0.43132657409478836,1.2131254233462998,4.72637449904082,0.931660939014307,1.271326274342616,-1.369679353729026,1.3907690384093985,1.4000554593061378,-29.064685559803742,-9.108072854467865,-1.677824602102137,0.9370813857897541,-2.275536139415884,-3.6914065560472896e-05,0.42273439139110863,0.45910235699921154,0.6499747044582908,-0.0013757980959434811,0.0006262861267511334,-5.627405687390119e-05
8.0,13.0,0.0,nan,nan,nan,nan,nan,nan,nan,nan,-0.4581915560035619,1.2226457781267268,4.717400865587047,0.892428278240472,1.2920519924847118,-1.3570768880940602,1.3796921841188128,1.7500644150453264,-29.626414223874267,-9.025848411567525,-1.6018429511250079,0.8791275136154832,-2.4509176803597463,-4.3664598371600466e-05,0.4227337156689403,0.468193179736826,0.6499766875427473,-0.0015950673659771391,0.0007411963397425918,-5.940315171730716e-05
8.0,14.0,0.0,nan,nan,nan,nan,nan,nan,nan,nan,-0.4857344475254963,1.2319977121983925,4.707733350393451,0.8512534190616806,1.3140738900007087,-1.3445600940397293,1.3669593281977268,2.100078619449395,-30.208149984256863,-8.912985384978134,-1.5182954309265986,0.8135417173769915,-2.626834717033993,-5.299815971729896e-05,0.42273332429031973,0.477284288493998,0.6499784691400066,-0.0018709506057877875,0.0009007218792868896,-6.03266317597782e-05
8.0,15.0,0.0,nan,nan,nan,nan,nan,nan,nan,nan,-0.5140441600896957,1.241128171280417,4.697309426667975,0.8079454252818072,1.3375082029457157,-1.3321263746444585,1.3524325877809706,2.45010507299734,-30.809608270328596,-8.764911655471138,-1.4268395379366339,0.739268775439589,-2.8031817378921806,-6.713778690302406e-05,0.42273339805495713,0.4863758446216953,0.6499800101222157,-0.0022710374185169646,0.0011426423656685193,-5.770479571291548e-05
8.0,16.0,0.0,nan,nan,nan,nan,nan,nan,nan,nan,-0.5423727728359322,1.2484260399098919,4.689941837466,0.7640536276458215,1.3578991075756615,-1.320139340044727,1.3367012562684348,2.799906303557447,-31.413534781532647,-8.584495228120089,-1.3797359605243142,0.6581219334134533,-2.9833008575078854,-0.00012924249444291817,0.4227278344198747,0.49545619069266156,0.6500204483637454,-0.0042996305815986395,0.0022012690882895793,-7.42436810400699e-05
9.0,0.0,0.0,nan,nan,nan,nan,nan,nan,nan,nan,-0.14056197423519193,1.100707608385863,4.801441410009849,1.269174983014683,1.09631472498435,-1.511523587179349,1.4027080750454135,-3.1499903078365583,-24.545932011149063,-8.882479888300672,-1.794760506318075,1.480355382565907,-0.3081231715636801,-4.95191727568759e-06,0.43180002812157947,0.34999227934315374,0.650037075956982,-0.0003655396957837295,8.068377472644582e-05,-6.590097974498276e-05
9.0,1.0,0.0,nan,nan,nan,nan,nan,nan,nan,nan,-0.16403051027194748,1.1106822300822783,4.7969500463015144,1.2437701572999977,1.108537967409566,-1.4993714294804938,1.4047709911396342,-2.800019322183093,-24.867204690549347,-8.930554578668472,-1.7877222296943185,1.4522413607402227,-0.47023344074617685,-5.260309160288584e-06,0.4318013874692707,0.3590832656556216,0.6500355163876147,-0.00036895522807292043,8.628131141119258e-05,-6.053481847897241e-05
9.0,2.0,0.0,nan,nan,nan,nan,nan,nan,nan,nan,-0.18760819292931596,1.120719493718722,4.792119291755399,1.217507366764678,1.1212989301699559,-1.487071650354754,1.4059725682779767,-2.450045069814342,-25.208462485342935,-8.976049841349017,-1.7747672143499458,1.4240857124244777,-0.6336915631067169,-5.695422287655831e-06,0.43180267496753655,0.3681742787266912,0.6500340077533753,-0.00037602312615957694,9.407048536353853e-05,-5.56813712432974e-05
9.0,3.0,0.0,nan,nan,nan,nan,nan,nan,nan,nan,-0.2113200689111612,1.130807427478702,4.786929395812939,1.19034678682886,1.134634460195461,-1.4746363710121477,1.4062792849995167,-2.100068440963947,-25.569641616386757,-9.017600794431669,-1.755811793733087,1.3954486077224195,-0.7984761927483691,-6.275657985548415e-06,0.4318039230295481,0.37726532761415,0.6500324865151663,-0.00038759523254919314,0.0001043439269322564,-5.139901300142671e-05
9.0,4.0,0.0,nan,nan,nan,nan,nan,nan,nan,nan,-0.23519481737838308,1.1409266981782364,4.781371302719901,1.1622430406871385,1.148574870477958,-1.4620865221307673,1.405650396674609,-1.7500889585545978,-25.950658673395026,-9.053692893471414,-1.7308776903646994,1.3658631836389998,-0.9645726669532149,-7.0377882262813175e-06,0.4318051094361708,0.3863564055191458,0.6500309869819366,-0.0004047649793633034,0.00011774987844061634,-4.767331836475786e-05
9.0,5.0,0.0,nan,nan,nan,nan,nan,nan,nan,nan,-0.2592638335925539,1.1510602039864866,4.775429064617784,1.133144016080158,1.1631591139453439,-1.4494403819600998,1.4040423728226854,-1.4001066277632837,-26.351451790607978,-9.08268313555533,-1.6999236191859717,1.334833700568709,-1.1319643634042258,-8.031677267625586e-06,0.43180623402003,0.3954475142471035,0.6500294992492335,-0.00042905369707604753,0.00013515316011764196,-4.451108508895245e-05
9.0,6.0,0.0,nan,nan,nan,nan,nan,nan,nan,nan,-0.2835618220399184,1.1611920225308274,4.769080542527115,1.1029898507729852,1.178434568858425,-1.4367145538396218,1.4014075650896902,-1.0501215512223376,-26.771975292106827,-9.102781176735139,-1.6628490711549944,1.3018326985791355,-1.3006319622468834,-9.33178934707476e-06,0.43180730960571706,0.4045386668581705,0.6500279767335493,-0.0004626394222180512,0.00015784265730944843,-4.192582247683968e-05
9.0,7.0,0.0,nan,nan,nan,nan,nan,nan,nan,nan,-0.3076833355172434,1.1748209907566247,4.755007773724851,1.0719279292315704,1.2005585382545334,-1.4193769599441275,1.3993639678067584,-0.7000121580841767,-27.221991235898404,-9.13105292451712,-1.5413438919069682,1.2682899599087876,-1.4691976096709902,-2.2909595387824905e-05,0.4318300841929188,0.4136489640193375,0.6499655178105358,-0.0007673242290459999,0.00039179621004206585,-3.406795266403307e-05
9.0,8.0,0.0,nan,nan,nan,nan,nan,nan,nan,nan,-0.33259560794360904,1.1844367827850277,4.748505704849751,1.0394954417372495,1.2167896864408543,-1.4070389581406992,1.394271817866291,-0.3499957651050197,-27.68030518757415,-9.12607755939194,-1.4980412256694131,1.229532598492361,-1.6408509447705448,-2.5574125469019847e-05,0.43182872489899615,0.42273953062587366,0.6499678832640727,-0.0008845640334260943,0.00043634853015749714,-4.117940992782378e-05
9.0,9.0,0.0,nan,nan,nan,nan,nan,nan,nan,nan,-0.3578636807555946,1.194009672026444,4.741521503467128,1.0057643462641999,1.2338800938599064,-1.394669221198359,1.387987295324697,1.7669915011434402e-05,-28.15838924360196,-9.105517005584302,-1.4485448862689534,1.18693864524501,-1.8136393263786257,-2.881784169217743e-05,0.43182751232598937,0.4318301089776102,0.6499701556794376,-0.0010192343309979245,0.0004908061081331136,-4.749315271049668e-05
9.0,10.0,0.0,nan,nan,nan,nan,nan,nan,nan,nan,-0.3835464802530666,1.2035146503272183,4.7340275713831925,0.9706217559554454,1.2519012494386712,-1.3822964028975036,1.3804273832630796,0.3500284393041011,-28.656249335297222,-9.066637612853903,-1.3927438744744711,1.1397975412406571,-1.9875013452098884,-3.2821620690178484e-05,0.43182643924385794,0.4409207071017508,0.6499723775292328,-0.001174107385125003,0.0005583355735264109,-5.293079266704251e-05
9.0,11.0,0.0,nan,nan,nan,nan,nan,nan,nan,nan,-0.4097114275470061,1.212929389057899,4.725978313537153,0.9339344898544675,1.2709468887348663,-1.3699440601095385,1.3714982776542626,0.7000375126033301,-29.173922948305,-9.006373233244688,-1.3303400310270697,1.087331680482797,-2.162353547757673,-3.788543276581848e-05,0.4318255403143831,0.45001138082839764,0.649974490407815,-0.0013541680209379844,0.0006441571327359375,-5.744410741126648e-05
9.0,12.0,0.0,nan,nan,nan,nan,nan,nan,nan,nan,-0.4364368343509916,1.2222274012544763,4.717320486972506,0.8955447300017336,1.2911248748130892,-1.3576375898481718,1.3610901066353103,1.0500469929953125,-29.711447853290064,-8.92121890972785,-1.2609632821371977,1.028680809890662,-2.338087945225239,-4.44906550622079e-05,0.4318248534662946,0.45910220906467625,0.6499764511318832,-0.0015678396596054956,0.0007566338640613105,-6.079096638664744e-05
9.0,13.0,0.0,nan,nan,nan,nan,nan,nan,nan,nan,-0.46381282273150504,1.2313752656275687,4.707993960680695,0.8552669871899602,1.3125567104714522,-1.3454027469378045,1.3490741583845178,1.4000604895646083,-30.268827079918157,-8.807150863303667,-1.1841916561072903,0.9628870603018533,-2.5145720531859346,-5.342966115780835e-05,0.4318244202254958,0.4681932847541559,0.6499782627544625,-0.0018316172458956816,0.0009094603879313102,-6.220066355290492e-05
9.0,14.0,0.0,nan,nan,nan,nan,nan,nan,nan,nan,-0.49193255014995546,1.2403292228504148,4.697927816576789,0.8129030542817727,1.3353724998331344,-1.3332461016845754,1.3353108283562596,1.7500839731842261,-30.845890115570935,-8.659723473092692,-1.0995415285817367,0.888908990198932,-2.691685583365919,-6.64050664936316e-05,0.43182437468656365,0.4772847524139644,0.6499798584795168,-0.0021926779319778548,0.0011317116987967365,-6.0433270358594116e-05
9.0,15.0,0.0,nan,nan,nan,nan,nan,nan,nan,nan,-0.5199945786259093,1.2474244906316192,4.691038256345041,0.7700967114068846,1.3549960860181953,-1.3215066377504399,1.320419421074561,2.099896333916722,-31.42514301734778,-8.483878573852564,-1.0604989599872454,0.808575054474567,-2.872933668899727,-0.00012914963652541317,0.43181870937571276,0.48636507168123866,0.650020565899209,-0.004234856881678066,0.002201072102040241,-8.56149427746206e-05
9.0,16.0,0.0,nan,nan,nan,nan,nan,nan,nan,nan,-0.5499977324712968,1.2561215048114662,4.678651768552559,0.722730474053506,1.3815902214707967,-1.3093086893855026,1.302726990677787,2.449939422178252,-32.041789566450156,-8.254531878814642,-0.95131300667615,0.714965612336897,-3.0502622733022227,-0.0001563910299517428,0.43181988155615614,0.4954583453643801,0.650018921827606,-0.004802873315083857,0.002674398419032975,-4.5265895734136455e-05
10.0,0.0,0.0,nan,nan,nan,nan,nan,nan,nan,nan,-0.14365871418401732,1.114050423619228,4.793878417140732,1.2378732842882296,1.1130186373774724,-1.4952462307058147,1.3801611574315447,-3.500011364462359,-25.24321451657573,-8.924368535017608,-1.363830804673913,1.6354363992939067,-0.3730493222082762,-5.774319910749695e-06,0.4408923821274574,0.34999269757919405,0.6500354257175112,-0.0003687701397827008,9.552155457544338e-05,-6.0134318533021246e-05
10.0,1.0,0.0,nan,nan,nan,nan,nan,nan,nan,nan,-0.167196348560338,1.123712930295836,4.7892363479752,1.212221412599699,1.1254286319055253,-1.4833847921657333,1.3817112833290985,-3.150037896570377,-25.561345937870538,-8.95749626092532,-1.3572887583073359,1.6031193584656358,-0.5350028055990556,-6.21740907384149e-06,0.4408936408553249,0.35908368191183293,0.6500339299840147,-0.00037624711563279047,0.00010342994060967241,-5.554710540473211e-05
10.0,2.0,0.0,nan,nan,nan,nan,nan,nan,nan,nan,-0.1908688409993323,1.1334338878282728,4.784250456751293,1.1856776107007332,1.138400101385875,-1.4713828121366346,1.382384234370631,-2.8000614262158505,-25.899327987602845,-8.987050451865967,-1.344777159208191,1.5705275120895745,-0.6984438687405569,-6.813489325257428e-06,0.4408948358094008,0.36817469385926116,0.6500324734255696,-0.00038809928890323595,0.00011398427762618364,-5.1465112300936816e-05
10.0,3.0,0.0,nan,nan,nan,nan,nan,nan,nan,nan,-0.21470254004520642,1.1432010340133154,4.778899789803694,1.1581979118925843,1.151972424069102,-1.459252799312113,1.3821434442304374,-2.4500828289208485,-26.257109484480086,-9.01161141416941,-1.3262083917436962,1.5372119135220303,-0.8633497133890964,-7.587689631848921e-06,0.4408960002443407,0.37726574493677273,0.6500309868399686,-0.00040536722318076565,0.00012759226654153406,-4.794653901945835e-05
10.0,4.0,0.0,nan,nan,nan,nan,nan,nan,nan,nan,-0.2387276285079669,1.1529943585027163,4.773174667402045,1.1297322607290532,1.1661778948696797,-1.4470163892205417,1.3809448054236957,-2.1001014715135025,-26.63461400008055,-9.029602994899689,-1.301612155774513,1.5026948646647498,-1.0297040881157138,-8.593276639417717e-06,0.4408971074983168,0.3863568287445905,0.650029509807926,-0.0004294950723501565,0.00014519545476659622,-4.497185604271867e-05
10.0,5.0,0.0,nan,nan,nan,nan,nan,nan,nan,nan,-0.2629772763589086,1.1627955035136375,4.767058931954219,1.100223395298644,1.1810569829193478,-1.4346928338852434,1.3787409158697326,-1.7501168876437525,-27.031777102690512,-9.039306512218891,-1.2709599408831915,1.4664678199936532,-1.1974884551781664,-9.91700894449664e-06,0.44089814391955184,0.39544794592673715,0.6500280493398304,-0.000462706802600432,0.00016832257926378984,-4.252643382383691e-05
10.0,6.0,0.0,nan,nan,nan,nan,nan,nan,nan,nan,-0.2874876180510778,1.1725924926101945,4.760518776992214,1.0696058010576408,1.1966683854521587,-1.4222926684807946,1.37548234055015,-1.400129063035005,-27.448561725963657,-9.038865663661907,-1.2340407611193223,1.427990136186311,-1.3666782627696188,-1.169899928382593e-05,0.4408991445518208,0.4045391333300697,0.650026483885905,-0.0005085568679687206,0.00019941743771618618,-4.0629458850031945e-05
10.0,7.0,0.0,nan,nan,nan,nan,nan,nan,nan,nan,-0.3118957926708671,1.185435047063202,4.746940390467915,1.0380682641310726,1.2186111406113327,-1.405763317717565,1.3725448490918093,-1.0500168663542893,-27.893363736330382,-9.041699946410901,-1.1179146029700702,1.3883227299121352,-1.5361680968915532,-2.667151636956145e-05,0.440919848878023,0.4136484798469733,0.6499677472071451,-0.0008785685068558084,0.00045601331827173266,-4.2355614385071786e-05
10.0,8.0,0.0,nan,nan,nan,nan,nan,nan,nan,nan,-0.33708789000471007,1.1947237496507894,4.740213958902073,1.0050356840983323,1.2352609251421476,-1.3937526170494978,1.3667751624008782,-0.7000023553731473,-28.34787562889725,-9.013569367364768,-1.0749920724524715,1.3434544343487067,-1.7085699546123434,-2.997464589722117e-05,0.44091863029745626,0.42273907495695623,0.6499700458832064,-0.0010106037210379942,0.0005116187141207342,-4.8671352394041474e-05
10.0,9.0,0.0,nan,nan,nan,nan,nan,nan,nan,nan,-0.3626808044285155,1.2039616127801132,4.732984788158577,0.9706188940590844,1.2528242263768006,-1.3817207713685877,1.3597626222391328,-0.3499904967801687,-28.82207024299464,-8.968170353238854,-1.0257292070333122,1.2943941406824253,-1.882209892790881,-3.4031110252857814e-05,0.4409175666772791,0.4318297020219783,0.6499722399843031,-0.0011628842653249448,0.0005801685288553249,-5.4178431090840605e-05
10.0,10.0,0.0,nan,nan,nan,nan,nan,nan,nan,nan,-0.38873914261367004,1.2131242394948438,4.725215156504438,0.9346905457598516,1.2713856158791974,-1.369694174581146,1.3514158241483265,1.9518977910716893e-05,-29.315955565401413,-8.902569062746972,-0.969917628483253,1.2403921805603788,-2.057016575810309,-3.911014461761261e-05,0.44091667019481506,0.44092039746729844,0.6499743310502447,-0.0013397691917681326,0.0006663584202260642,-5.8782120539414524e-05
10.0,11.0,0.0,nan,nan,nan,nan,nan,nan,nan,nan,-0.415337870653553,1.2221852150539132,4.7168567030899755,0.8970995633632409,1.2910463132435814,-1.3576991212322647,1.3416287681743437,0.35002945135197266,-29.82954673023912,-8.813423184609176,-0.9072446082866555,1.1806199842113365,-2.232896229993733,-4.5636440778959144e-05,0.44091596692544,0.45001122600335836,0.6499763088911141,-0.0015483970126029777,0.0007775782624203516,-6.224900498247736e-05
10.0,12.0,0.0,nan,nan,nan,nan,nan,nan,nan,nan,-0.4425622024326246,1.2311156427035124,4.707844559568297,0.8576700228525433,1.311929026310768,-1.3457560532194401,1.330279730127036,0.700042858859209,-30.36283582937277,-8.69693865230312,-0.8372286096273477,1.1141593207476,-2.4097364960237817,-5.436201967086131e-05,0.4409155232877461,0.4591022988728399,0.649978093701127,-0.0018046667465239233,0.0009268083299876547,-6.40472663580613e-05
10.0,13.0,0.0,nan,nan,nan,nan,nan,nan,nan,nan,-0.4705064838731701,1.2398730714910595,4.69811609502107,0.8162028974376471,1.3341587387527742,-1.333883111646549,1.3172289925296465,1.0500644715007508,-30.915690587626134,-8.548798791385808,-0.7594630872478818,1.0399921462224067,-2.587417291393636,-6.664568974195047e-05,0.4409154098169699,0.4681937109672231,0.6499797303932532,-0.0021425409360467623,0.0011373711150045283,-6.30008096510999e-05
10.0,14.0,0.0,nan,nan,nan,nan,nan,nan,nan,nan,-0.4983340277866065,1.2467594048468829,4.691653019393983,0.7744004565548498,1.3530903404923915,-1.322403607672684,1.3031117882298904,1.3998878063354205,-31.47063671841424,-8.37586529031448,-0.728173483279922,0.959915474858173,-2.769515033028059,-0.00013018828808795157,0.4409096162871374,0.47727402266855073,0.6500206619188247,-0.004190847072606879,0.0022205970526712224,-9.503864009168463e-05
10.0,15.0,0.0,nan,nan,nan,nan,nan,nan,nan,nan,-0.5280721958886025,1.2553043024331625,4.679674487388049,0.7281151376520071,1.3789669936142808,-1.3104427662354219,1.2862771140388827,1.749929024025812,-32.06257670266058,-8.150357281744633,-0.6264360781246803,0.8672870238494289,-2.947990090912983,-0.00015632427029843357,0.440910790977707,0.48636720945184914,0.6500189641462403,-0.00472899802982836,0.002674935745905761,-5.937878327216194e-05
10.0,16.0,0.0,nan,nan,nan,nan,nan,nan,nan,nan,-0.5590210357702775,1.2635063400163877,4.666601026864146,0.6787369912149233,1.4069292834330185,-1.2986860871864674,1.2670165326104987,2.09997586344702,-32.67401282391376,-7.873544820890346,-0.5131258530660516,0.7625933492356214,-3.126449686505202,-0.00018968298680742014,0.4409122906530608,0.4954612880783298,0.6500173369468351,-0.005423600019982132,0.00325433689750085,-5.304844241505767e-06
11.0,0.0,0.0,nan,nan,nan,nan,nan,nan,nan,nan,-0.14746599763114027,1.1271838227980226,4.786087735892809,1.2056023077252453,1.1302278814548556,-1.47910310477054,1.3569531494368423,-3.8500317543227554,-25.943172318537236,-8.938909239178765,-0.9252628342728394,1.7871864949026384,-0.4463960059132416,-6.78409650292831e-06,0.44998465997648784,0.3499930868989227,0.6500337970718348,-0.00037671978852704734,0.00011359722284035591,-5.519212060179996e-05
11.0,1.0,0.0,nan,nan,nan,nan,nan,nan,nan,nan,-0.1710887236013173,1.1365343711062288,4.781291654112526,1.1796641808125918,1.1428498088269108,-1.4675368578193215,1.357967036772703,-3.5000557721718493,-26.258368662387046,-8.956546520458426,-0.919362479726537,1.7504919103297716,-0.6082895235797838,-7.399162146676594e-06,0.4499858201996684,0.3590840718640973,0.6500323655625613,-0.00038903840132102423,0.00012447117813967653,-5.136383055528834e-05
11.0,2.0,0.0,nan,nan,nan,nan,nan,nan,nan,nan,-0.1948730674249491,1.1459410859019912,4.776141360855465,1.1527960452559805,1.1560631352357804,-1.4558346808866975,1.3580859951611959,-3.150077556512817,-26.593283083446966,-8.969563014111609,-0.907391109175192,1.7132762853112868,-0.7718071093491217,-8.197743153161421e-06,0.4499869458902358,0.36817509384952035,0.6500309180019801,-0.0004066566846201984,0.0001385040650219475,-4.806199787153374e-05
11.0,3.0,0.0,nan,nan,nan,nan,nan,nan,nan,nan,-0.21884760914238463,1.1553846568901651,4.770626971659645,1.1249495985032703,1.169899061688565,-1.4440172603287176,1.357267099398161,-2.8000965194863223,-26.94784141074486,-8.97645809154812,-0.889386820381018,1.6750796393739262,-0.9369301174917306,-9.235140475629544e-06,0.4499880120932316,0.37726614677268505,0.6500294914598425,-0.0004310136328165439,0.00015667403894022112,-4.5274543192931845e-05
11.0,4.0,0.0,nan,nan,nan,nan,nan,nan,nan,nan,-0.24304368169197058,1.1648505696869929,4.764726129274723,1.0960692309299613,1.1844025031620027,-1.4320993767179813,1.3554654307832297,-2.4501129934926036,-27.32199785592861,-8.975600469759716,-0.8652611917280986,1.6354114989097066,-1.1036359929718798,-1.0581244911306648e-05,0.44998903761671205,0.38635724445741043,0.6500280307292313,-0.00046410262974208046,0.000180186348037577,-4.303508255915141e-05
11.0,5.0,0.0,nan,nan,nan,nan,nan,nan,nan,nan,-0.26749611334415435,1.174321994722403,4.758415726597178,1.0660922222870972,1.1996211041498335,-1.4200970673122713,1.3526307975000742,-2.1001259824843554,-27.715685371148112,-8.96519903430295,-0.834924313017561,1.593749880830621,-1.271903577909571,-1.2394211363865717e-05,0.4499900109006916,0.39544840314658364,0.6500265091725943,-0.0005095235631893871,0.0002118399733498156,-4.1318534167899806e-05
11.0,6.0,0.0,nan,nan,nan,nan,nan,nan,nan,nan,-0.2918449305802969,1.1868429049003921,4.745079833148673,1.0352145885304247,1.2211571362110982,-1.4039594362754284,1.3501322722073987,-1.750037715681801,-28.13737579765921,-8.956335356348264,-0.7246240265214131,1.5509096452132067,-1.440414377569855,-2.7906831531642855e-05,0.45001089222840746,0.404557388261959,0.6499677817505681,-0.0008765714859287607,0.0004780433551278005,-4.3765903238685545e-05
11.0,7.0,0.0,nan,nan,nan,nan,nan,nan,nan,nan,-0.3169618477962359,1.195840954303717,4.73859113757392,1.002855448689171,1.2373922442464853,-1.3923127339365637,1.3448439675646795,-1.4000222471256563,-28.568623729975457,-8.920153708380363,-0.6883507561757136,1.503473444246993,-1.6122380342183067,-3.1299939635514185e-05,0.4500096930685141,0.4136480144930173,0.6499700544431883,-0.0010069455703965956,0.0005353122061866893,-5.0067693555602055e-05
11.0,8.0,0.0,nan,nan,nan,nan,nan,nan,nan,nan,-0.34246842700491,1.204803514603179,4.731607088547171,0.9691352519960852,1.2545251425863182,-1.3806288075266877,1.3383422625539763,-1.0500093838597164,-29.019449202089486,-8.867624268735087,-0.6456978352507002,1.4521708497448742,-1.7854636576004344,-3.545048353257355e-05,0.4500086593946512,0.4227386820120054,0.6499721808765091,-0.0011577100073159254,0.000605589835812058,-5.5628729912582026e-05
11.0,9.0,0.0,nan,nan,nan,nan,nan,nan,nan,nan,-0.36842736208481647,1.2137020741303421,4.724102556982994,0.9339308681047533,1.2726275223621728,-1.3689402778370248,1.3305366182792462,-0.6999985908393055,-29.48982888291532,-8.795918712838285,-0.5966049919345466,1.3962766668832767,-1.9600294619765695,-4.058103259752412e-05,0.45000776214820687,0.43182939346314536,0.6499742781682818,-0.0013317842153480522,0.0006927916425205626,-6.02618443316555e-05
11.0,10.0,0.0,nan,nan,nan,nan,nan,nan,nan,nan,-0.394909017523058,1.2225162569115837,4.716018861798707,0.8970991636757578,1.2918068391605304,-1.3572643391140855,1.321327626830843,-0.349987956269836,-29.97977196982413,-8.701886558987642,-0.5406409818792824,1.3349954406148659,-2.1358563431280295,-4.712849104380002e-05,0.45000707187879935,0.4409202466810675,0.6499762097579679,-0.001537683602102103,0.0008044730773119714,-6.385571391235128e-05
11.0,11.0,0.0,nan,nan,nan,nan,nan,nan,nan,nan,-0.4219964157275219,1.2312145199460143,4.707303590025962,0.8584693796342441,1.3121732228073657,-1.3456281564946337,1.3105956785589352,2.5381526963057927e-05,-30.489247064969234,-8.58187472330431,-0.4774684190287938,1.267438354497261,-2.312844723277118,-5.573166486349972e-05,0.4500066121428564,0.4500113124824805,0.6499780136039037,-0.001787581576046945,0.0009517081621803664,-6.587587079940535e-05
11.0,12.0,0.0,nan,nan,nan,nan,nan,nan,nan,nan,-0.4497806881217162,1.239760114258463,4.697887985343499,0.8178489408381371,1.3338558268262906,-1.334046933189339,1.298206536085541,0.35004595227472934,-31.018136107576698,-8.431776760913596,-0.40659712462859854,1.192622099160806,-2.4908890247822986,-6.762335455187869e-05,0.4500064684434171,0.45910270030492656,0.6499796526569828,-0.002111125178926945,0.0011556821637361968,-6.540281431193152e-05
11.0,13.0,0.0,nan,nan,nan,nan,nan,nan,nan,nan,-0.4773974739405479,1.2464308124936947,4.6918054940154486,0.7769846285687599,1.3521581361124315,-1.3228321928954265,1.2848078100062237,0.6998805336773786,-31.54908283757145,-8.260353013483519,-0.38283823357727437,1.112305853699088,-2.6735899983069387,-0.00013232180821404847,0.45000055241033177,0.4681830349647135,0.6500207474652717,-0.0041656307966673484,0.0022592468842415644,-0.00010294815778280366
11.0,14.0,0.0,nan,nan,nan,nan,nan,nan,nan,nan,-0.506902654011106,1.2548057767685306,4.680196235550703,0.7316964216446307,1.377383549363357,-1.3111233888850606,1.2687576879794409,1.0499202788790898,-32.11661615245818,-8.036812886814928,-0.2883603933818921,1.0200687412513287,-2.852956359527789,-0.0001575514978291592,0.45000175265692255,0.4772761781948709,0.6500189401746558,-0.004679680406168009,0.0026979923800513296,-7.100376877899588e-05
11.0,15.0,0.0,nan,nan,nan,nan,nan,nan,nan,nan,-0.5375658934424666,1.2628603901274518,4.667545582214487,0.6834279587866003,1.4046027389232518,-1.299601280819564,1.2503680081792365,1.399963211614594,-32.70331671964794,-7.764721806578789,-0.182853943676899,0.916443906520638,-3.0326662267520517,-0.0001897681990120224,0.45000322630645473,0.4863700674187748,0.6500173058986229,-0.005339887103914886,0.003257892115471442,-2.259721274687616e-05
11.0,16.0,0.0,nan,nan,nan,nan,nan,nan,nan,nan,-0.5697009692665248,1.2705679524449223,4.653491916277246,0.6314835914844713,1.4344241440924193,-1.2883445970634906,1.2291920718660938,1.7500391071172883,-33.310008333659226,-7.433247790233244,-0.0620010301220347,0.7990586405020924,-3.212101035462523,-0.00022794208972033223,0.4500054864276434,0.4954657770094651,0.6500146799768046,-0.006114077044551938,0.003920848261877066,4.890353295771492e-05
12.0,0.0,0.0,nan,nan,nan,nan,nan,nan,nan,nan,-0.15200759497063007,1.1400901664205612,4.778062403633581,1.1722973272469903,1.1479805010345832,-1.4631185475703565,1.3330278355928284,-4.200051440929932,-26.645604269334704,-8.924455956299322,-0.4795441226279668,1.9350865915468547,-0.5285071320342111,-8.04113995603778e-06,0.45907686776906664,0.34999345555513195,0.6500321759438183,-0.0003905092164824358,0.00013595788747781674,-5.1107148193531804e-05
12.0,1.0,0.0,nan,nan,nan,nan,nan,nan,nan,nan,-0.17573345071827956,1.1491312793731443,4.773102394629223,1.1460284053497962,1.160846575020045,-1.4518489016086487,1.333480176465183,-3.8500734742920333,-26.958057620969704,-8.925993566038343,-0.4743688170798446,1.8938251521822094,-0.6904390206876521,-8.872959334522878e-06,0.45907795393319417,0.3590844522085764,0.6500307636747236,-0.000408703997031979,0.00015056727318040703,-4.80492827913335e-05
12.0,2.0,0.0,nan,nan,nan,nan,nan,nan,nan,nan,-0.19964990431262744,1.158219331775267,4.767787890577132,1.118787099490626,1.1743261736695774,-1.440455693108866,1.333013544882697,-3.5000926492999094,-27.290053548029363,-8.92177969861325,-0.46314177574034027,1.851781440064575,-0.8541362320533727,-9.952244847810716e-06,0.459078979099282,0.3681754786224442,0.650029381737025,-0.00043356584874400944,0.00016947550674347272,-4.547889867054463e-05
12.0,3.0,0.0,nan,nan,nan,nan,nan,nan,nan,nan,-0.22378669192646963,1.167341557111971,4.762094244564382,1.090519445602317,1.18846513223543,-1.4289515681919684,1.3315845556105141,-3.1501096142402276,-27.641554441020823,-8.910256085058547,-0.44575598653815884,1.8084820821945786,-1.0195733839990355,-1.1345021098771622e-05,0.45907997423748176,0.3772665528831176,0.6500279517541381,-0.0004670163840558341,0.00019381132151774722,-4.34475505871386e-05
12.0,4.0,0.0,nan,nan,nan,nan,nan,nan,nan,nan,-0.24817709143485886,1.1764801763047676,4.7560013735568685,1.0611650110204762,1.2033070042605118,-1.4173534377439658,1.3291437617354869,-2.800123082688798,-28.0124836913022,-8.889707907629722,-0.4221613628343647,1.7634234928049097,-1.1867299666662336,-1.322027694794163e-05,0.4590809146452327,0.38635768656451785,0.6500264729143647,-0.0005126985846082479,0.00022657754096309989,-4.1927017286650146e-05
12.0,5.0,0.0,nan,nan,nan,nan,nan,nan,nan,nan,-0.2724653764891248,1.1886548284284804,4.742920970868971,1.0309286227408756,1.2244339952331034,-1.4016321099492648,1.3270437985466743,-2.450058058113792,-28.41133227225554,-8.8688356757219,-0.31802445631015386,1.7171705027369077,-1.3540946288210551,-2.93244698936398e-05,0.45910190188567523,0.3954662946395664,0.6499678640117197,-0.0008797549299858497,0.0005031864424535336,-4.550336263456526e-05
12.0,6.0,0.0,nan,nan,nan,nan,nan,nan,nan,nan,-0.2975072943409638,1.1973532843780343,4.736658165904142,0.9992186191861654,1.2402728489673436,-1.3903581625095347,1.3222030909490547,-2.100041793166521,-28.81963154650978,-8.82419407982696,-0.28856455127382646,1.6668983942218532,-1.525151084437515,-3.2828182205997745e-05,0.4591007195438084,0.40455694542313825,0.6499701302495489,-0.0010088976076172462,0.0005624800972588502,-5.1735088931144436e-05
12.0,7.0,0.0,nan,nan,nan,nan,nan,nan,nan,nan,-0.3229308048918785,1.2060282895506114,4.72991221915506,0.966166134926848,1.2569914019076307,-1.379035702858808,1.3161746784521575,-1.7500282309098911,-29.247384991696954,-8.763990783824816,-0.25273789197091145,1.6130559651630394,-1.6977727562934426,-3.708169472398256e-05,0.4590996918464842,0.4136476300585963,0.6499722715125476,-0.0011578354594464551,0.0006346648452045606,-5.724706498476154e-05
12.0,8.0,0.0,nan,nan,nan,nan,nan,nan,nan,nan,-0.34879486067544324,1.214656901750603,4.7226473333322385,0.9316539929124074,1.27466836003556,-1.3676886351988415,1.3088732828448004,-1.4000165697175273,-29.694568187753188,-8.685552767871778,-0.21036319354342972,1.5549454961152285,-1.8719075466729007,-4.233703801815569e-05,0.45909883292555853,0.42273838554001525,0.649974282538866,-0.0013310981412220332,0.0007241240642102168,-6.194112677000483e-05
12.0,9.0,0.0,nan,nan,nan,nan,nan,nan,nan,nan,-0.37516836927601066,1.2232125980365371,4.714822679891895,0.8955428122757242,1.293393942543071,-1.3563438328006647,1.3001994060944757,-1.0500053453788958,-30.161153277616133,-8.585826084287245,-0.16121818666637994,1.491795199096063,-2.047486936778886,-4.8959303635277305e-05,0.4590981529818541,0.4318292595336844,0.6499761972720487,-0.001534821899444362,0.0008372153111308538,-6.558936358944009e-05
12.0,10.0,0.0,nan,nan,nan,nan,nan,nan,nan,nan,-0.4021309183639167,1.2316669917648808,4.7063833361653735,0.8576681496371974,1.3132783822777414,-1.3450252283549609,1.2900381667447072,-0.6999919014333448,-30.647100005187323,-8.46132563159191,-0.10493694976547524,1.4227468210348402,-2.2244249158953013,-5.7543857427093845e-05,0.4590976881267424,0.44092032839675255,0.6499780151692021,-0.001780279114498997,0.0009842569128923795,-6.774569589879258e-05
12.0,11.0,0.0,nan,nan,nan,nan,nan,nan,nan,nan,-0.42977064209788124,1.2399868424845248,4.697258394480011,0.8178434204880277,1.3344513210484235,-1.3337466736346344,1.2782598277792665,-0.34997200112239246,-31.152291898050315,-8.308126236132614,-0.04099587195121488,1.346848489215127,-2.4026300389689026,-6.922735951482735e-05,0.45909752880406873,0.45001170460727236,0.6499796603958654,-0.0020938880350946836,0.0011848037985918592,-6.766588469446186e-05
12.0,12.0,0.0,nan,nan,nan,nan,nan,nan,nan,nan,-0.45813596616508945,1.2481076190786657,4.6873988729028735,0.7759534269285049,1.3569803097084465,-1.322452018234324,1.264769170124063,6.383748951852697e-05,-31.675973731465287,-8.122737279055105,0.03070217644621141,1.2631860055825357,-2.582171697942264,-8.833760524817942e-05,0.4590980978138978,0.4591036445839677,0.6499809168658535,-0.0026023843419472883,0.0015124642621221023,-6.589053628457052e-05
12.0,13.0,0.0,nan,nan,nan,nan,nan,nan,nan,nan,-0.4864957264540532,1.2546254943446555,4.680235973202789,0.7334927336369487,1.3768167967845977,-1.3113529837851416,1.2501965665436336,0.3499128760181976,-32.20294392249258,-7.9137636704345615,0.06280591409356175,1.173450021112005,-2.765728328496285,-0.00016005171358968883,0.4590927649354514,0.4681852383715116,0.650018860239802,-0.004652807318960101,0.0027432541010514954,-8.06210984041908e-05
12.0,14.0,0.0,nan,nan,nan,nan,nan,nan,nan,nan,-0.5169090070116662,1.2625115754649319,4.667970836168959,0.686241089391398,1.4033604998259086,-1.3000809266241593,1.2325987170603654,0.6999525615227938,-32.7651830030418,-7.644390604150463,0.16066938632106958,1.0702803947766224,-2.946431433126778,-0.00019144131180665866,0.4590942255604848,0.4772789927434353,0.6500172422963926,-0.005287726117957921,0.003289046040331223,-3.6816568384704484e-05
12.0,15.0,0.0,nan,nan,nan,nan,nan,nan,nan,nan,-0.5487285031112126,1.2700739823326508,4.654365775644718,0.6354561042767566,1.432391758814988,-1.2890464015427432,1.2123203633883177,1.050019922855309,-33.34693222208266,-7.318743174972086,0.2731834071825439,0.9541093065814152,-3.1272926236727074,-0.00022883930469719477,0.45909645075599087,0.48637445018300324,0.6500147642923934,-0.006034290182880053,0.00393891548039995,2.826368042542088e-05
12.0,16.0,0.0,nan,nan,nan,nan,nan,nan,nan,nan,-0.5826991784772245,1.2773923114593875,4.638569864895313,0.5795027609555896,1.4654139337854433,-1.278678831530905,1.1883365425128127,1.4001592130257026,-33.9528549146106,-6.915398912220093,0.41166152845625004,0.8203637174559286,-3.3067245274514265,-0.0002552232972420212,0.4590996050533904,0.4954716953872017,0.650006794236911,-0.006455995912248804,0.00439898272298994,0.00011404122501469905
13.0,0.0,0.0,nan,nan,nan,nan,nan,nan,nan,nan,-0.15731167173729296,1.152750698902613,4.769795065878223,1.13788350954241,1.1663180188305295,-1.4473182119755312,1.3083229089926816,-4.5500701632706715,-27.350270279268475,-8.879245434929185,-0.027202701659254636,2.0785808602591613,-0.6197546046319516,-9.63103721902825e-06,0.46816900154168317,0.34999380988437057,0.6500305643937195,-0.0004116871885616747,0.00016410882142403976,-4.790945013753356e-05
13.0,1.0,0.0,nan,nan,nan,nan,nan,nan,nan,nan,-0.18116178037785832,1.1614805753927238,4.7646664606395115,1.1112333543891884,1.1794572667089784,-1.436351131525154,1.3081829684078958,-4.200089846009597,-27.660122077162498,-8.863979908603465,-0.02289936433413847,2.032545678249267,-0.7818312394113678,-1.0758733803091215e-05,0.46817000185363256,0.35908481923721136,0.6500291910029348,-0.0004373059531035493,0.00018385361944484198,-4.5599775156677577e-05
13.0,2.0,0.0,nan,nan,nan,nan,nan,nan,nan,nan,-0.20523286612966266,1.1702520810994466,4.7591723559273085,1.083562961983352,1.1932426983068232,-1.4252674514772594,1.3070983861938115,-3.8501067382102994,-27.989343026209713,-8.841762686657457,-0.012465907744912534,1.985449290923458,-0.9458110182894885,-1.2226027997383601e-05,0.46817094812261395,0.36817586742727465,0.6500278210155799,-0.0004716270920343806,0.00020951457913894408,-4.378311892499477e-05
13.0,3.0,0.0,nan,nan,nan,nan,nan,nan,nan,nan,-0.22955637272991913,1.1790531496948253,4.75328269172113,1.0548132085111628,1.207725874341152,-1.4140773759124743,1.3050228074196972,-3.5001207706137873,-28.337885803957327,-8.810957786221921,0.004253549978825978,1.9368044028423361,-1.1116680181554843,-1.4182735078943198e-05,0.4681718652148611,0.3772669856276963,0.6500263573348286,-0.0005180749892528777,0.00024371820067954845,-4.2495755559608204e-05
13.0,4.0,0.0,nan,nan,nan,nan,nan,nan,nan,nan,-0.2537825599672408,1.190852719488873,4.740483066658851,1.0251997489382139,1.2284302745304236,-1.398803021065254,1.3032802135300212,-3.1500778092583257,-28.714159437099383,-8.777875854158767,0.1017313770072635,1.8869270469043657,-1.2777280518760854,-3.093325980446107e-05,0.4681928418015681,0.3863751754273987,0.6499680918629747,-0.0008874940768127153,0.0005316307616895914,-4.751694614123016e-05
13.0,5.0,0.0,nan,nan,nan,nan,nan,nan,nan,nan,-0.27874811078041783,1.1992477995143458,4.734426143362406,0.9941158059896865,1.2438978604756232,-1.3879039104220707,1.2988564005371515,-2.800060914317231,-29.099857906088303,-8.724462648748046,0.12430922859239493,1.8335775901228708,-1.4478286247799816,-3.458448447388682e-05,0.4681917039093128,0.39546586554409024,0.6499702922143816,-0.0010164667080217367,0.0005935745857524511,-5.3674184781198265e-05
13.0,6.0,0.0,nan,nan,nan,nan,nan,nan,nan,nan,-0.30408960792379874,1.2076296158960182,4.727899091928794,0.9617044316670946,1.260227921809877,-1.3769470448010244,1.293267763837242,-2.4500467200653353,-29.504868808885384,-8.65616402905818,0.15323612476265572,1.776927033084609,-1.6196597091038727,-3.898619209362715e-05,0.4681907035380361,0.4045565798566964,0.6499724034411999,-0.0011647912193941791,0.0006684383754666592,-5.912887518234083e-05
13.0,7.0,0.0,nan,nan,nan,nan,nan,nan,nan,nan,-0.32986365863335887,1.2159767590372712,4.720865145955535,0.9278522233645792,1.277498300586259,-1.3659542733856744,1.2864317444140916,-2.1000344835835674,-29.929159540519382,-8.570416962166055,0.1886998492348648,1.71630001897889,-1.793175622639827,-4.4383689071292036e-05,0.46818986128003554,0.41364735888263016,0.6499744070233423,-0.0013369656225820455,0.0007604843011836046,-6.378167404911929e-05
13.0,8.0,0.0,nan,nan,nan,nan,nan,nan,nan,nan,-0.3561358964363861,1.2242657552081075,4.713278860965798,0.8924253559530252,1.2958011526802737,-1.354947619973837,1.2782529643475375,-1.7500226485079282,-30.372692812312632,-8.464308676780963,0.23097547777628183,1.650950750257229,-1.9683187586729345,-5.115358507444857e-05,0.46818920940540426,0.4227382661573474,0.6499762753741022,-0.0015399471736054484,0.0008762450800385393,-6.746288827543144e-05
13.0,9.0,0.0,nan,nan,nan,nan,nan,nan,nan,nan,-0.382983317964804,1.2324672372011305,4.705091379376758,0.8552645384995318,1.3152395084624933,-1.3439530685347953,1.268619105294139,-1.40000878786836,-30.835405599091864,-8.334489903234966,0.2803568113391448,1.5800478104049303,-2.1450162869091134,-5.984951573093986e-05,0.468188766689557,0.4318293613456944,0.6499780556599934,-0.0017838982958823274,0.001025329062741809,-6.973930513313975e-05
13.0,10.0,0.0,nan,nan,nan,nan,nan,nan,nan,nan,-0.41049194151140334,1.2405488971712135,4.696235375532195,0.8161875166155591,1.3359387248378247,-1.3329865523851552,1.2574032444479755,-1.0499891788611886,-31.31717433567649,-8.177179574656783,0.3373282818668913,1.5026664130598781,-2.3231886196793776,-7.150705137173424e-05,0.4681886077472049,0.44092073988995867,0.6499797042319898,-0.0020917818428368737,0.0012255862189051855,-6.993350552457628e-05
13.0,11.0,0.0,nan,nan,nan,nan,nan,nan,nan,nan,-0.4387293391277514,1.2484588346991854,4.686646343781346,0.7750420060595107,1.3580004258129488,-1.322018483453108,1.2444911386271014,-0.6999563828860514,-31.81747885324155,-7.988659705026289,0.4022410071927381,1.4178538151712488,-2.502842122142321,-8.930351285741438e-05,0.4681890220838752,0.45001260804040294,0.6499810518704447,-0.0025503331214302674,0.0015312677525602936,-6.791515484026381e-05
13.0,12.0,0.0,nan,nan,nan,nan,nan,nan,nan,nan,-0.4668624456336334,1.2547607944389914,4.679809052015036,0.7335130418937108,1.3772505784775755,-1.3111359199458679,1.2306141429602018,-0.35009341009325945,-32.32057297172617,-7.780825414861296,0.42696492016781057,1.3274961834488668,-2.6868767257458677,-0.0001638227450563182,0.46818382841900275,0.45909438284649773,0.6500187294465722,-0.004646941265447264,0.0028107244060820774,-8.860169213872878e-05
13.0,13.0,0.0,nan,nan,nan,nan,nan,nan,nan,nan,-0.4970595243308713,1.2624610669122232,4.667889645607717,0.6871885742246298,1.403188020554972,-1.300128562541611,1.2137322068470144,-5.627348904597663e-05,-32.85864377126178,-7.512344899623708,0.5173836047463257,1.2242077218286933,-2.8683330319527705,-0.00019460046350475952,0.46818529946933035,0.4681880587768433,0.6500170945556791,-0.00526206611433621,0.0033461001914738544,-4.8472429658793156e-05
13.0,14.0,0.0,nan,nan,nan,nan,nan,nan,nan,nan,-0.5286141725839928,1.2698610678464917,4.654674526668398,0.6374364258667284,1.4315317445074676,-1.289338161586249,1.1942521792913858,0.3500050845216916,-33.41583518457726,-7.190138165812846,0.6220123474658291,1.108556883553602,-3.0503321603459903,-0.00023119188616210068,0.4681875261281644,0.47728334595097033,0.6500146429460393,-0.005980706716133629,0.003982300955579639,1.1324950758346544e-05
13.0,15.0,0.0,nan,nan,nan,nan,nan,nan,nan,nan,-0.5621882200974586,1.2770198887504607,4.639409028064345,0.5828047196876633,1.463606539885642,-1.2791321074814717,1.1712623430153568,0.7001312538102491,-33.99585358901863,-6.7948397677033965,0.7507398006935151,0.976479354644112,-3.2316117360417382,-0.00025930237091384986,0.4681906843342329,0.4863803807189572,0.6500073689999417,-0.006442752992042748,0.0044723055388622346,9.221828610161046e-05
13.0,16.0,0.0,nan,nan,nan,nan,nan,nan,nan,nan,-0.6001625441951766,1.284111002580186,4.620470587951486,0.5180732329515709,1.5031486131706402,-1.271570201864102,1.1415418488982245,1.0501801287786408,-34.615123642516124,-6.263032400905895,0.9255937128852821,0.8152490260069932,-3.407357232365642,-0.00020030999546095254,0.4681911595986963,0.49547480634127633,0.650001167754623,-0.004747148870769521,0.0034604782691816352,0.00013939216761051868
14.0,0.0,0.0,nan,nan,nan,nan,nan,nan,nan,nan,-0.16341135487845337,1.1651475448615758,4.761273340535265,1.1022739727834971,1.1852898822803297,-1.4317263349958365,1.282769872146129,-4.90008777685367,-28.05688837340846,-8.801373407679709,0.4312395088231355,2.2170702229031614,-0.7205394441652314,-1.1678825222961856e-05,0.47726106165828497,0.349994160339315,0.6500289516171199,-0.00044250334703388857,0.00020024890850300843,-4.564773053696743e-05
14.0,1.0,0.0,nan,nan,nan,nan,nan,nan,nan,nan,-0.18740965678681423,1.1735661233885453,4.7559644639567455,1.0751850847341362,1.1987389088555902,-1.4210645896358052,1.2820038040373376,-4.550104882085524,-28.364247896520936,-8.768504650756302,0.43458892391206677,2.166033149520795,-0.8828715006600716,-1.3231575103387041e-05,0.47726197509684143,0.3590851930048899,0.6500276051218725,-0.0004780225423295761,0.0002274103984626135,-4.40892952324757e-05
14.0,2.0,0.0,nan,nan,nan,nan,nan,nan,nan,nan,-0.21125968064902648,1.1853543512087956,4.743202302740438,1.0472734098895087,1.218819895681389,-1.4059169523165733,1.2818061056008634,-4.20011710806796,-28.700525588309063,-8.73235279598226,0.52532527522631,2.114135655691582,-1.0448173713929467,-2.9545737688436072e-05,0.4772849373157286,0.36819331911501624,0.6499662152694672,-0.0007871448450572602,0.0005092920306872725,-4.320844494525845e-05
14.0,3.0,0.0,nan,nan,nan,nan,nan,nan,nan,nan,-0.2358221079291063,1.1934238676655948,4.737769081652407,1.018014439946172,1.233149732324614,-1.3954857751378111,1.2788416341869553,-3.8500968404121574,-29.044779709618464,-8.682042469050062,0.5346196311708658,2.059951588645896,-1.2118459977428264,-3.27747813622359e-05,0.4772837313396754,0.37728404686540357,0.6499684200514161,-0.0009004455674661147,0.0005640978287674984,-4.9840155653890395e-05
14.0,4.0,0.0,nan,nan,nan,nan,nan,nan,nan,nan,-0.26070973878283416,1.2015097504117125,4.731905295668851,0.9875335241279555,1.2482645891464907,-1.384966925999705,1.2748035903377501,-3.500079530160261,-29.40823244597058,-8.619605350776641,0.5501705986190515,2.0033065943101644,-1.3808043172946454,-3.659871525129879e-05,0.4772826396301265,0.38637477220823463,0.6499705628949496,-0.001029715491419575,0.000629132495572666,-5.5878251990447534e-05
14.0,5.0,0.0,nan,nan,nan,nan,nan,nan,nan,nan,-0.2859694033099606,1.2095942513324414,4.725577454206209,0.9557373589380771,1.2642320798988127,-1.374378112398292,1.2696225218480621,-3.150064823428935,-29.790847600096388,-8.542865751976594,0.5721359690741785,1.9436040646067787,-1.5516599411972594,-4.119873368796201e-05,0.47728169055742314,0.3954655296456334,0.6499725931972731,-0.0011786784652584627,0.0007075324778052388,-6.127294624287074e-05
14.0,6.0,0.0,nan,nan,nan,nan,nan,nan,nan,nan,-0.31165619009796813,1.2176539861480526,4.718755299301735,0.9225152006642944,1.2811229871039127,-1.3637440556548162,1.263216634649477,-2.800052033424753,-30.19257441741355,-8.449348769854543,0.6006227920329232,1.8801885030230276,-1.7243737928811327,-4.6800520772384945e-05,0.4772808835248693,0.40455634422441106,0.6499745535311666,-0.0013512055702857985,0.0008032335348326555,-6.587706819609418e-05
14.0,7.0,0.0,nan,nan,nan,nan,nan,nan,nan,nan,-0.3378339751602166,1.2256653934259456,4.711396676619788,0.8877361647947973,1.299025233134968,-1.3530877105616057,1.2554922653698046,-2.4500398058063113,-30.61336272163854,-8.336240293665625,0.6358625665817212,1.8123352118322655,-1.8988954527043973,-5.374599979494923e-05,0.47728024017476434,0.4136472680080814,0.6499764517002409,-0.0015532610224987832,0.0009221793140924265,-6.948128006746544e-05
14.0,8.0,0.0,nan,nan,nan,nan,nan,nan,nan,nan,-0.36457526071219165,1.2336053400374543,4.703439811013846,0.8512484822957243,1.3180506102513234,-1.3424243884335287,1.2463432805083914,-2.1000254232961746,-31.05314485935482,-8.200360156966685,0.6783050250841158,1.7392404069967788,-2.0751667212262435,-6.265554277338032e-05,0.47727983546256536,0.42273840176347194,0.6499781751329773,-0.0017975881030050818,0.0010750786433809092,-7.183270755353658e-05
14.0,9.0,0.0,nan,nan,nan,nan,nan,nan,nan,nan,-0.39196476255774204,1.2414386258375687,4.694829204362664,0.8128729478729249,1.3383130852192244,-1.3317769136237674,1.2356436029525346,-1.7500057406690608,-31.511775135857103,-8.038043572509855,0.7282933797264438,1.6600033433562533,-2.253119790718306,-7.446261349286158e-05,0.47727969916265767,0.43182980165032053,0.6499798010524968,-0.0021036132066284507,0.001278070915693721,-7.222584597131448e-05
14.0,10.0,0.0,nan,nan,nan,nan,nan,nan,nan,nan,-0.4200758301767433,1.2491185709917105,4.685496867805402,0.7724461180020622,1.359924235411118,-1.3211266264254409,1.2232736479369704,-1.399974502522025,-31.988815363807856,-7.8455783534707,0.7862472593081902,1.5736722689848353,-2.4327458322962485,-9.186968261260613e-05,0.47728006372216264,0.44092164414587826,0.649981201438809,-0.0025412448731835643,0.0015774243830932438,-7.035040617123628e-05
14.0,11.0,0.0,nan,nan,nan,nan,nan,nan,nan,nan,-0.4480180299170298,1.2552069022527823,4.6789273372440014,0.731757208658748,1.3786753582227356,-1.31047839701323,1.2100235919406084,-1.0500987671801654,-32.46848863460743,-7.6373788534896265,0.8040230133620629,1.4822003016463228,-2.616980275316535,-0.00016888526988681585,0.47727494615991606,0.45000360926036614,0.6500185478894263,-0.004661257174052443,0.002900798280788038,-9.522266086574126e-05
14.0,12.0,0.0,nan,nan,nan,nan,nan,nan,nan,nan,-0.4780297143387229,1.2627056473973792,4.6673160271916005,0.6862756464270429,1.4040715205804974,-1.2997490405304666,1.1937858018509506,-0.7000637677262759,-32.98267240548721,-7.368141808008821,0.8871669752322187,1.3782601365916072,-2.798970004158119,-0.00019926559579969266,0.4772764507796796,0.4590972550048768,0.6500168674913366,-0.005261437693950617,0.003429455144242015,-5.796833418327536e-05
14.0,13.0,0.0,nan,nan,nan,nan,nan,nan,nan,nan,-0.5093610342861361,1.2699244014662197,4.654444848518265,0.6374486809684277,1.4318094664804957,-1.2892194266359636,1.1750170375601308,-0.3500070144487512,-33.5155957511727,-7.047315384700795,0.9841843256997146,1.2625091874487262,-2.9818624594219103,-0.0002352709819246023,0.4772787040140683,0.46819243642449904,0.6500144264690039,-0.0059579149450480215,0.004055764659140621,-2.4173002052460545e-06
14.0,14.0,0.0,nan,nan,nan,nan,nan,nan,nan,nan,-0.5426399769488115,1.2769198579664123,4.639592093093987,0.5839010168438656,1.4631459103271465,-1.2792347222119618,1.1528544500157774,0.00011076731464488399,-34.07054780680324,-6.656439638373292,1.1044523704734042,1.1311421945354008,-3.1645858792534822,-0.00026329910345160854,0.47728189484103917,0.4772893340823104,0.6500073590025675,-0.006414035698423547,0.004544473965837272,7.380580270328282e-05
14.0,15.0,0.0,nan,nan,nan,nan,nan,nan,nan,nan,-0.5802238296229493,1.283887166410119,4.621138715242777,0.5204818115556344,1.5017757249388988,-1.2718506373073464,1.1241276298839122,0.3501561531861229,-34.66329750666226,-6.132841215278056,1.2697510024717926,0.9719832456891156,-3.3428209509696347,-0.0002031066685940991,0.4772824033537814,0.4863837906057833,0.6500010099815812,-0.004723819138754717,0.003511054986435446,0.00012280863655650731
14.0,16.0,0.0,nan,nan,nan,nan,nan,nan,nan,nan,-0.6201073382763578,1.2896528756322339,4.600693326250621,0.4512503435697464,1.5439948452228225,-1.264397985526592,1.0912013227277897,0.7001344062727468,-35.264476915806306,-5.514123763861781,1.4545320212553543,0.7910904533873435,-3.521848863475466,-0.0001961746374522694,0.47728367750837297,0.49547549536696933,0.6500045943116021,-0.004420487988481898,0.0033947258008680714,0.0001835456273101377
15.0,0.0,0.0,nan,nan,nan,nan,nan,nan,nan,nan,-0.1703456060358122,1.177263163677728,4.7524790526478435,1.0653679169833907,1.2049543546590802,-1.4163653969275207,1.2562926741204474,-5.250103832476947,-28.76511177192029,-8.68876011720864,0.8952754565988204,2.349904689872771,-0.8312963504376973,-1.4395511007855985e-05,0.4863530421830947,0.34999452426136735,0.6500273241111852,-0.00048660744096865895,0.000248107045158647,-4.438735533751859e-05
15.0,1.0,0.0,nan,nan,nan,nan,nan,nan,nan,nan,-0.19412898604949483,1.1886051777865017,4.740046542152078,1.038040029946396,1.2245899244778893,-1.4017370416067254,1.2563493825421768,-4.9001354679538744,-29.07953450191992,-8.639712464203592,0.9784319022973752,2.2938380716212223,-0.9914604110866584,-3.147856131249328e-05,0.48637572404163504,0.35910215229209563,0.6499667040630034,-0.0008048705847940623,0.0005432548341832793,-4.603586272927008e-05
15.0,2.0,0.0,nan,nan,nan,nan,nan,nan,nan,nan,-0.21861157959202046,1.1963503753981737,4.734788667518859,1.009354601944356,1.2385918281279775,-1.3917006898158004,1.2537223398351531,-4.550115061142529,-29.40207682651576,-8.579791175150616,0.980481076972955,2.235963281745623,-1.1569969280292653,-3.488194185610071e-05,0.4863745619178977,0.36819290477253325,0.6499688784512541,-0.000918709015642057,0.0006011793027892166,-5.245410569978792e-05
15.0,3.0,0.0,nan,nan,nan,nan,nan,nan,nan,nan,-0.2434186646575287,1.2041257171390674,4.7290979197003855,0.9794544173175922,1.253378652826993,-1.3815615503982825,1.2500414264165525,-4.2000975508771115,-29.743666288790468,-8.508151939851722,0.9889557035834221,2.1758278096621546,-1.3246271287098217,-3.892620353176664e-05,0.4863735453402624,0.37728368008127555,0.649970899825937,-0.0010494602315612507,0.0006701171637020391,-5.8380382546799177e-05
15.0,4.0,0.0,nan,nan,nan,nan,nan,nan,nan,nan,-0.2685971383198823,1.2119047079987737,4.722961901887555,0.9482466777920161,1.2689988452193843,-1.37134992075201,1.245234181441534,-3.8500825679741726,-30.10423063425172,-8.422675480421507,1.003759221364293,2.11285174352139,-1.4943253933776797,-4.373881232443261e-05,0.4863726258025451,0.38637446130003705,0.6499729229895015,-0.0011989133533169439,0.0007523244258818377,-6.362369254088937e-05
15.0,5.0,0.0,nan,nan,nan,nan,nan,nan,nan,nan,-0.2941992374771796,1.2196709661422893,4.71633606705257,0.9156242997182931,1.28553413145966,-1.3610802741815762,1.239223395692803,-3.5000694039919864,-30.483732537911116,-8.320989456570597,1.0251644877541073,2.0463984844288534,-1.66605587361709,-4.958507972023436e-05,0.48637185791145116,0.3954653111722749,0.6499748481460688,-0.0013723669048888547,0.0008523860045778984,-6.812855779946498e-05
15.0,6.0,0.0,nan,nan,nan,nan,nan,nan,nan,nan,-0.3202867891854941,1.2274009801192345,4.709179676340632,0.8814598001650642,1.3030697431459994,-1.3507750460183958,1.2319172233453377,-3.1500566428341794,-30.882106805396468,-8.200381282671959,1.0533844783545048,1.9757636237555158,-1.8397771175355093,-5.68110029025149e-05,0.4863712616133947,0.4045562800838493,0.6499766887685883,-0.0015760010265854492,0.0009763117015791116,-7.168928883221601e-05
15.0,7.0,0.0,nan,nan,nan,nan,nan,nan,nan,nan,-0.3469304998366253,1.2350705547650545,4.701436064661398,0.8456046447995782,1.3217116675846083,-1.340451463035247,1.2232109832151115,-2.8000417770115966,-31.29926616543118,-8.057773499403037,1.0888064367514951,1.9001641680768053,-2.0154411532837178,-6.601169303017116e-05,0.4863708954243481,0.4136474518992262,0.6499783801181435,-0.0018217001174225416,0.0011343878180952107,-7.403309822904632e-05
15.0,8.0,0.0,nan,nan,nan,nan,nan,nan,nan,nan,-0.3742131971287594,1.2426455594979002,4.6930508920204055,0.8078829422374195,1.341571816172125,-1.3301324834458002,1.212980847695452,-2.4500220089315445,-31.735053685943644,-7.889621831559635,1.1317590677864207,1.8187217436790668,-2.192991746289722,-7.806906974616002e-05,0.48637078277971524,0.42273887379016545,0.6499800107988857,-0.0021272104855399776,0.0013418835341500643,-7.448584135682293e-05
15.0,9.0,0.0,nan,nan,nan,nan,nan,nan,nan,nan,-0.40220610982364957,1.2500834003594254,4.683950130339962,0.7681350284095169,1.362766828125903,-1.3197966708686097,1.201110367521529,-2.0999911529141966,-32.1890420914044,-7.692364974370394,1.182749247243727,1.730504277372705,-2.372429728550413,-9.56478626961006e-05,0.48637117137797653,0.4318307401488746,0.6499813813078826,-0.002559559052532283,0.0016444700852422866,-7.288653720538939e-05
15.0,10.0,0.0,nan,nan,nan,nan,nan,nan,nan,nan,-0.42998180901174354,1.255957009624899,4.677599225305097,0.728215973026894,1.3810881485927258,-1.3093883818581191,1.1884308879307126,-1.7501033797617334,-32.64564418663555,-7.4825784022108826,1.1938861932763607,1.6374836311501753,-2.5566300453271156,-0.00017528615104618614,0.4863661238394785,0.44091291926829457,0.6500183112469624,-0.004695475333674906,0.003014323810153402,-0.00010068149542790852
15.0,11.0,0.0,nan,nan,nan,nan,nan,nan,nan,nan,-0.45983682965645045,1.2632398385983026,4.666259893331509,0.6834965025071037,1.4060051302781003,-1.2989492254158876,1.1727683949480752,-1.4000702857791667,-33.13621147379058,-7.211079762379778,1.2699065818450432,1.5323935642953206,-2.7389514714629235,-0.00020548123482933757,0.48636768542915376,0.4500065784586945,0.6500165634997338,-0.005284994683294876,0.0035399333051630787,-6.560781735738266e-05
15.0,12.0,0.0,nan,nan,nan,nan,nan,nan,nan,nan,-0.4909884520044193,1.2702638185132344,4.653678371959695,0.6354819864445159,1.4332298492989108,-1.2886987321658272,1.1546220327075192,-1.0500162066077727,-33.645201449455705,-6.889641041160741,1.3597041041975184,1.4159444193682666,-2.922507070159238,-0.0002408653592246101,0.48637000905024685,0.45910173313158537,0.6500140110223495,-0.005958025078559723,0.004155707569754491,-1.3358046020353118e-05
15.0,13.0,0.0,nan,nan,nan,nan,nan,nan,nan,nan,-0.5240552034966081,1.277086769560973,4.639144946805663,0.5828204493042629,1.4639942813430733,-1.2789818015546328,1.133144921254263,-0.6999037865722686,-34.17568134527881,-6.50008074292096,1.4724432111977148,1.284464582073319,-3.106361824313443,-0.00026762543126270514,0.4863732477687704,0.46819854525060334,0.6500068483212449,-0.006379639192998896,0.004622611699735715,5.878831396841562e-05
15.0,14.0,0.0,nan,nan,nan,nan,nan,nan,nan,nan,-0.5613448692068118,1.2838918559824175,4.6211176000425915,0.5204794358402776,1.5018493119378646,-1.2718281154052982,1.1052448673357111,-0.3498695653173314,-34.74224986356137,-5.98083633996839,1.6285645702797673,1.1263823528678572,-3.2867608797782326,-0.0002059262020896869,0.48637368609094817,0.47729279781856765,0.6500010621307604,-0.0046933511092292785,0.0035622202000195812,0.00010885640489630793
15.0,15.0,0.0,nan,nan,nan,nan,nan,nan,nan,nan,-0.6007904512108773,1.2895375566603051,4.6011976441370095,0.4526416156690777,1.5430991735228485,-1.264518577417923,1.0733531012234676,0.00010913397204177793,-35.31645235699399,-5.372599488613841,1.8030583311534045,0.9476119224110328,-3.4686809276998476,-0.0001994419491840245,0.486374968077801,0.48638448172923027,0.6500046247231026,-0.004407912399827035,0.0034534550514515455,0.00016830867434019717
15.0,16.0,0.0,nan,nan,nan,nan,nan,nan,nan,nan,-0.6460538643385509,1.2942389651960626,4.575092219766479,0.3711761618838795,1.5949425918226914,-1.2592628618139508,1.0325248997242376,0.3500868348445976,-35.91479426231061,-4.574357283141326,2.053227701589052,0.7289350246881682,-3.647024318530562,-0.00016589385521838663,0.48637666446335526,0.4954768328489071,0.6500048734883448,-0.0035446383669792253,0.002876056941750137,0.00020260792777547124
16.0,0.0,0.0,nan,nan,nan,nan,nan,nan,nan,nan,-0.1777814972694705,1.1921938651775372,4.73664608063955,1.0273296703007477,1.231066897832314,-1.397109947448507,1.2302289015900942,-5.600152682658485,-29.483668946756993,-8.539032844095555,1.4444203990020896,2.4763429255999436,-0.9498901212047184,-3.3690193847943723e-05,0.4954664374457372,0.35001096933408754,0.6499673585154876,-0.0008276094944674087,0.0005820812061213456,-4.915839555067519e-05
16.0,1.0,0.0,nan,nan,nan,nan,nan,nan,nan,nan,-0.2021794379055809,1.1996163012572094,4.731542617872171,0.9991980434518057,1.2447651479623567,-1.387464803320839,1.2279137944559648,-5.250132441841941,-29.78492049264431,-8.469467175986166,1.439195828617827,2.4146279608779633,-1.1137461175726113,-3.7312710703384115e-05,0.49546535341125514,0.3591017632967514,0.649969425641888,-0.0009430884480736435,0.000643886611469055,-5.5380553016557855e-05
16.0,2.0,0.0,nan,nan,nan,nan,nan,nan,nan,nan,-0.22690413737060913,1.207074780363529,4.726018604882695,0.9698551267420844,1.2592368664017741,-1.3777124974549342,1.2245593070363623,-4.900114947135935,-30.10502270319067,-8.388490177848007,1.4403923564102683,2.350828256373655,-1.2798662592491947,-4.159185965619623e-05,0.4954643892492209,0.3681925686138253,0.6499713977075567,-0.0010752227529493457,0.000717002408002597,-6.111369948576641e-05
16.0,3.0,0.0,nan,nan,nan,nan,nan,nan,nan,nan,-0.25200059081253834,1.2145470075534297,4.7200535701096955,0.9392101921589694,1.2745364467941658,-1.3678773424635178,1.2200957033558777,-4.55009984419678,-30.443912514075375,-8.294060600050402,1.4480031550668135,2.2843798876134347,-1.4482263664084591,-4.66759530148857e-05,0.4954635272938139,0.3772833899133023,0.6499733535977693,-0.0012265069464722357,0.0008040270466512741,-6.621174040453839e-05
16.0,4.0,0.0,nan,nan,nan,nan,nan,nan,nan,nan,-0.27751952013423287,1.222016612416062,4.713603861190791,0.9071583238144016,1.2907437502448398,-1.3579733672501595,1.2144468653630134,-4.200086364217012,-30.801543116859186,-8.183882166428598,1.4622892756461523,2.2146626949716124,-1.6187960892544542,-5.2840865335481577e-05,0.495462821442455,0.3863742897266307,0.6499751986884144,-0.001402466140542734,0.0009097266834759598,-7.061766921877206e-05
16.0,5.0,0.0,nan,nan,nan,nan,nan,nan,nan,nan,-0.3035216063687726,1.2294586879672806,4.706633836138807,0.8735737487448496,1.307938575349705,-1.3480252653292497,1.2075214407164203,-3.8500731431806114,-31.177832901664974,-8.055321392495772,1.4833977744064855,2.1409896733278915,-1.7915412210841326,-6.041105047918476e-05,0.49546227353744454,0.3954653036266036,0.6499770006978323,-0.0016085899136086244,0.0010397505425590598,-7.407782067524764e-05
16.0,6.0,0.0,nan,nan,nan,nan,nan,nan,nan,nan,-0.33007563313998933,1.2368503988549957,4.699085561109861,0.83831087372885,1.326226853131912,-1.3380483554153872,1.1992168342025147,-3.500057822145569,-31.57268360627093,-7.905397175182259,1.511730018644719,2.0625962055295717,-1.9664228523408482,-6.998321445438036e-05,0.495461947900109,0.40455651421922834,0.649978680674729,-0.0018567269886751944,0.0012044123367242214,-7.633581979627453e-05
16.0,7.0,0.0,nan,nan,nan,nan,nan,nan,nan,nan,-0.35726065704823357,1.244160350364878,4.690899255463162,0.801200315864793,1.3457229568717644,-1.3280593709464799,1.1894136840323821,-3.1500374975006986,-31.985919499867382,-7.730714768345778,1.5476821030191172,1.9786271596549063,-2.143400968326957,-8.252167746898516e-05,0.4954618983947173,0.4136479897902144,0.6499802462333858,-0.0021668867271926197,0.0014203810044246601,-7.686595432923097e-05
16.0,8.0,0.0,nan,nan,nan,nan,nan,nan,nan,nan,-0.3851486292089435,1.2513442636744465,4.6820103651946505,0.7620811494808213,1.3665362283301996,-1.3180449009738429,1.177994357735149,-2.8000067624300913,-32.41711160069047,-7.527794252743938,1.591650009307237,1.8881637840061074,-2.3224807011335726,-0.00010054579073042427,0.49546232238292603,0.42273988504019044,0.6499816294896164,-0.0025997788548796238,0.0017309271674792047,-7.541142779716964e-05
16.0,9.0,0.0,nan,nan,nan,nan,nan,nan,nan,nan,-0.4127790743935941,1.2570050597795257,4.675822364660313,0.7228669453332978,1.384501301302874,-1.3078752569028038,1.1658328873701091,-2.450107100275429,-32.85098617758228,-7.315317322388699,1.596554745361781,1.7931892743265614,-2.5064292056360045,-0.00018300340269342466,0.49545738984613935,0.4318223391847348,0.650017931208652,-0.0047472378916909325,0.0031509502103846294,-0.00010504870595653551
16.0,10.0,0.0,nan,nan,nan,nan,nan,nan,nan,nan,-0.44250525822939035,1.2640582327064924,4.664720862691143,0.6788296873492982,1.4089989563067176,-1.2977385915393407,1.1506779973769907,-2.1000757173952915,-33.31819725022103,-7.0401575306888695,1.6655791228040338,1.686478118301538,-2.6888973054656558,-0.000213206432504047,0.49545902751343585,0.4409160491541613,0.6500161148585677,-0.005329583896933752,0.003676867909900928,-7.156268507792053e-05
16.0,11.0,0.0,nan,nan,nan,nan,nan,nan,nan,nan,-0.4735146385122746,1.2708711219812463,4.652386833002245,0.6315269356117198,1.4357855053352082,-1.287782434206317,1.1330728231783112,-1.7500234797873975,-33.80350171847744,-6.716340452117018,1.7483784147274857,1.5687833506756435,-2.8729214523178968,-0.0002481590895231312,0.49546144305115525,0.45001122363860596,0.6500134568788398,-0.005983402057845121,0.004285377040768798,-2.1801110186066668e-05
16.0,12.0,0.0,nan,nan,nan,nan,nan,nan,nan,nan,-0.506461721401061,1.2775201118910309,4.638062630478529,0.5795333430802382,1.466168598581822,-1.278387940171757,1.1121288596416323,-1.3999124190384564,-34.31016268202722,-6.324840471381725,1.854738678863062,1.4363757363388026,-3.057623960043479,-0.00027182267257035695,0.49546475939178625,0.45910803104943393,0.6500057390531223,-0.006328110624335634,0.004698791133122462,4.695065544872774e-05
16.0,13.0,0.0,nan,nan,nan,nan,nan,nan,nan,nan,-0.5435367138144845,1.2841218724427017,4.6204203689533045,0.5180714372431476,1.5033538293494473,-1.271503990323109,1.0849104444636894,-1.049896960587886,-34.85070061773926,-5.80666407125463,2.001796715063407,1.2784853445710838,-3.2399480884113747,-0.0002088793687720789,0.49546501539925253,0.4682018308845187,0.6500013275618038,-0.004658045666466229,0.00361589636619484,9.74937229094447e-05
16.0,14.0,0.0,nan,nan,nan,nan,nan,nan,nan,nan,-0.5826909384084212,1.2896192981481278,4.600861315863102,0.45127986020861083,1.5439142806029655,-1.2643978057329817,1.053818392765155,-0.6999173776261792,-35.39843196983277,-5.203670115486351,2.167800918549223,1.100563186034377,-3.424392577896476,-0.00020203971493845145,0.49546632233099447,0.47729349093724627,0.6500046937905511,-0.004373917100405015,0.0035007559978552667,0.00015509765469287604
16.0,15.0,0.0,nan,nan,nan,nan,nan,nan,nan,nan,-0.6275193861299165,1.29421058418616,4.57526887959057,0.37119013587723704,1.5948012886592535,-1.2592847363569326,1.014011013000914,-0.3499418870556576,-35.96832824386609,-4.416565102131501,2.4072226318739207,0.884138112973792,-3.606696164892176,-0.0001681863615280976,0.4954679774615953,0.48638572539978997,0.6500048864825355,-0.003523877701340296,0.0029175997047283923,0.0001896477583721233
16.0,16.0,0.0,nan,nan,nan,nan,nan,nan,nan,nan,-0.6824824299413145,1.2966652567159949,4.538282474339636,0.26734191751782693,1.6644150911591242,-1.257760257796901,0.9591093355741905,8.853109032691005e-05,-36.556541410474544,-3.310996279863212,2.787905022821689,0.6026340124299157,-3.7845758797468636,-0.00011153477022999039,0.49547559033743654,0.495485881002192,0.6500090476531478,-0.0022285430034004604,0.0019367838954734563,0.00019167774439834062
