Fx,Fy,Fz,tau1,tau2,tau3,tau4,tau5,tau6,tau7,x,y,z,roll,pitch,yaw
20.0,0.0,0.0,-7.0001500786154365,-32.31604935607631,-7.513081728510754,3.332095584038598,2.9007237647344852,-1.5526463066175284,-7.228643267894564e-05,0.5318265697767183,0.35001034983815815,0.6499775683619714,-0.0016252324701477355,0.0012512805318599333,-8.248304060877486e-05
